pattern,count,support
"{'16011', '39', '48', '16010', '41'}",133,0.001508586465824278
"{'39', '37', '48', '38', '41'}",151,0.0017127560627027518
"{'39', '48', '32', '41', '310'}",133,0.001508586465824278
"{'39', '48', '110', '32', '38'}",201,0.002279893831809623
"{'39', '48', '110', '38', '41'}",346,0.00392459336221955
"{'39', '48', '36', '32', '38'}",191,0.002166466277988249
"{'39', '48', '36', '38', '41'}",334,0.0037884802976339014
"{'170', '48', '39', '32', '38'}",213,0.0024160068963952723
"{'170', '39', '48', '38', '41'}",413,0.004684557972822758
"{'89', '39', '48', '32', '41'}",139,0.0015766429981171027
"{'89', '39', '48', '38', '41'}",148,0.0016787277965563394
"{'39', '48', '32', '38', '41'}",448,0.0050815544111975685
"{'38', '39', '48', '3904'}",173,0.001962296681109775
"{'38', '39', '48', '370'}",142,0.0016106712642635149
"{'38', '39', '390', '48'}",154,0.001746784328849164
"{'38', '39', '48', '840'}",145,0.0016446995304099273
"{'38', '39', '48', '47'}",212,0.0024046641410131347
"{'38', '39', '48', '281'}",184,0.002087066990313287
"{'38', '41', '48', '790'}",136,0.0015426147319706903
"{'38', '41', '39', '790'}",153,0.0017354415734670266
"{'38', '39', '48', '790'}",235,0.0026655475148022957
"{'56', '39', '48', '38'}",219,0.002484063428688097
"{'41', '48', '8978', '39'}",172,0.0019509539257276378
"{'38', '39', '48', '105'}",290,0.0032893990608198545
"{'38', '55', '41', '39'}",141,0.0015993285088813775
"{'38', '55', '48', '39'}",243,0.0027562895578593953
"{'41', '1344', '39', '48'}",146,0.0016560422857920646
"{'38', '41', '371', '39'}",136,0.0015426147319706903
"{'38', '39', '48', '371'}",294,0.003334770082348404
"{'570', '41', '48', '39'}",137,0.0015539574873528277
"{'41', '48', '39', '264'}",134,0.0015199292212064155
"{'41', '48', '39', '2958'}",160,0.0018148408611419885
"{'41', '48', '39', '175'}",166,0.0018828973934348133
"{'258', '41', '48', '39'}",163,0.001848869127288401
"{'41', '48', '39', '179'}",139,0.0015766429981171027
"{'41', '48', '117', '39'}",134,0.0015199292212064155
"{'41', '48', '39', '13041'}",219,0.002484063428688097
"{'41', '48', '78', '39'}",136,0.0015426147319706903
"{'38', '39', '48', '78'}",141,0.0015993285088813775
"{'38', '39', '37', '32'}",137,0.0015539574873528277
"{'41', '48', '39', '49'}",142,0.0016106712642635149
"{'38', '39', '48', '49'}",139,0.0015766429981171027
"{'41', '48', '39', '201'}",142,0.0016106712642635149
"{'548', '41', '48', '39'}",145,0.0016446995304099273
"{'41', '48', '39', '15832'}",220,0.0024954061840702342
"{'41', '48', '249', '39'}",155,0.0017581270842313016
"{'38', '39', '48', '249'}",149,0.0016900705519384768
"{'1393', '41', '48', '39'}",137,0.0015539574873528277
"{'16217', '41', '48', '39'}",234,0.0026542047594201586
"{'38', '39', '286', '32'}",143,0.0016220140196456523
"{'41', '48', '39', '286'}",134,0.0015199292212064155
"{'38', '41', '48', '286'}",157,0.0017808125949955764
"{'38', '41', '39', '286'}",203,0.002302579342573898
"{'38', '39', '48', '286'}",458,0.005194981965018943
"{'41', '301', '39', '48'}",141,0.0015993285088813775
"{'39', '301', '48', '32'}",137,0.0015539574873528277
"{'41', '48', '604', '39'}",171,0.0019396111703455002
"{'824', '41', '48', '39'}",172,0.0019509539257276378
"{'41', '592', '39', '48'}",170,0.0019282684149633628
"{'41', '48', '39', '338'}",138,0.001565300242734965
"{'16010', '48', '39', '32'}",136,0.0015426147319706903
"{'41', '48', '39', '9'}",191,0.002166466277988249
"{'41', '48', '39', '185'}",168,0.001905582904199088
"{'38', '39', '1146', '48'}",148,0.0016787277965563394
"{'39', '1146', '48', '32'}",143,0.0016220140196456523
"{'41', '1146', '39', '48'}",260,0.0029491163993557315
"{'38', '39', '48', '12925'}",147,0.001667385041174202
"{'38', '39', '48', '255'}",170,0.0019282684149633628
"{'32', '39', '48', '255'}",189,0.002143780767223974
"{'41', '48', '39', '255'}",230,0.0026088337378916086
"{'38', '39', '533', '48'}",143,0.0016220140196456523
"{'41', '533', '39', '48'}",215,0.002438692407159547
"{'41', '48', '39', '60'}",142,0.0016106712642635149
"{'38', '39', '79', '48'}",152,0.0017240988180848892
"{'39', '79', '48', '32'}",174,0.0019736394364919126
"{'41', '79', '39', '48'}",270,0.003062543953177106
"{'2238', '39', '48', '32'}",158,0.0017921553503777137
"{'2238', '39', '48', '225'}",196,0.002223180054898936
"{'2238', '39', '48', '38'}",203,0.002302579342573898
"{'2238', '41', '48', '39'}",322,0.0036523672330482523
"{'39', '48', '270', '225'}",153,0.0017354415734670266
"{'38', '39', '48', '270'}",196,0.002223180054898936
"{'39', '48', '270', '32'}",193,0.0021891517887525237
"{'41', '271', '270', '39'}",179,0.0020303532134025998
"{'41', '48', '270', '39'}",258,0.0029264308885914568
"{'271', '48', '270', '39'}",284,0.0032213425285270297
"{'38', '39', '48', '147'}",176,0.0019963249472561874
"{'39', '48', '147', '32'}",163,0.001848869127288401
"{'41', '48', '39', '147'}",234,0.0026542047594201586
"{'39', '1327', '48', '32'}",142,0.0016106712642635149
"{'38', '41', '1327', '39'}",135,0.001531271976588553
"{'38', '39', '1327', '48'}",170,0.0019282684149633628
"{'41', '1327', '39', '48'}",260,0.0029491163993557315
"{'39', '48', '438', '32'}",177,0.002007667702638325
"{'38', '39', '48', '438'}",164,0.0018602118826705383
"{'41', '48', '39', '438'}",265,0.0030058301762664187
"{'413', '39', '48', '38'}",170,0.0019282684149633628
"{'413', '39', '48', '32'}",156,0.001769469839613439
"{'413', '41', '48', '39'}",228,0.002586148227127334
"{'38', '271', '48', '39'}",188,0.0021324380118418365
"{'271', '48', '39', '225'}",183,0.0020757242349311493
"{'271', '48', '39', '32'}",188,0.0021324380118418365
"{'271', '41', '39', '48'}",272,0.0030852294639413806
"{'38', '475', '48', '39'}",243,0.0027562895578593953
"{'475', '48', '39', '32'}",234,0.0026542047594201586
"{'475', '41', '39', '48'}",372,0.004219505002155123
"{'38', '39', '48', '101'}",181,0.0020530387241668746
"{'39', '48', '101', '32'}",182,0.002064381479549012
"{'41', '48', '39', '101'}",264,0.002994487420884281
"{'39', '48', '65', '310'}",137,0.0015539574873528277
"{'39', '89', '48', '310'}",167,0.0018942401488169507
"{'38', '41', '39', '310'}",145,0.0016446995304099273
"{'38', '39', '48', '310'}",251,0.002847031600916495
"{'38', '39', '110', '36'}",135,0.001531271976588553
"{'38', '170', '39', '36'}",140,0.00158798575349924
"{'39', '89', '237', '48'}",146,0.0016560422857920646
"{'39', '48', '237', '32'}",256,0.002903745377827182
"{'38', '41', '237', '39'}",171,0.0019396111703455002
"{'41', '48', '237', '39'}",312,0.003538939679226878
"{'38', '39', '48', '237'}",352,0.003992649894512375
"{'38', '170', '89', '48'}",140,0.00158798575349924
"{'38', '170', '41', '32'}",155,0.0017581270842313016
"{'41', '39', '225', '32'}",178,0.002019010458020462
"{'39', '48', '225', '32'}",298,0.0033801411038769536
"{'38', '41', '48', '225'}",141,0.0015993285088813775
"{'38', '41', '39', '225'}",198,0.002245865565663211
"{'38', '39', '48', '225'}",337,0.0038225085637803133
"{'41', '48', '39', '225'}",469,0.005319752274222454
"{'39', '89', '65', '48'}",186,0.0021097525010775617
"{'38', '41', '48', '65'}",152,0.0017240988180848892
"{'38', '41', '65', '39'}",191,0.002166466277988249
"{'38', '39', '48', '65'}",325,0.003686395499194664
"{'41', '48', '65', '32'}",152,0.0017240988180848892
"{'41', '65', '39', '32'}",172,0.0019509539257276378
"{'39', '48', '65', '32'}",357,0.004049363671423062
"{'41', '48', '65', '39'}",547,0.006204487194029174
"{'38', '39', '3005'}",142,0.0016106712642635149
"{'38', '2805', '39'}",144,0.0016333567750277896
"{'39', '48', '491'}",148,0.0016787277965563394
"{'39', '48', '597'}",136,0.0015426147319706903
"{'38', '39', '1831'}",156,0.001769469839613439
"{'39', '48', '1786'}",150,0.0017014133073206144
"{'2167', '48', '39'}",139,0.0015766429981171027
"{'39', '48', '10605'}",145,0.0016446995304099273
"{'39', '48', '805'}",136,0.0015426147319706903
"{'39', '48', '10420'}",135,0.001531271976588553
"{'1188', '39', '38'}",160,0.0018148408611419885
"{'39', '48', '4070'}",133,0.001508586465824278
"{'39', '48', '412'}",141,0.0015993285088813775
"{'39', '48', '718'}",134,0.0015199292212064155
"{'2388', '48', '39'}",149,0.0016900705519384768
"{'5729', '48', '39'}",155,0.0017581270842313016
"{'39', '48', '1282'}",133,0.001508586465824278
"{'39', '48', '9579'}",135,0.001531271976588553
"{'2464', '48', '39'}",134,0.0015199292212064155
"{'39', '48', '2164'}",135,0.001531271976588553
"{'38', '39', '1590'}",193,0.0021891517887525237
"{'39', '48', '168'}",152,0.0017240988180848892
"{'39', '48', '2440'}",143,0.0016220140196456523
"{'39', '48', '1842'}",146,0.0016560422857920646
"{'38', '39', '504'}",170,0.0019282684149633628
"{'39', '48', '2375'}",140,0.00158798575349924
"{'39', '48', '1956'}",161,0.0018261836165241261
"{'39', '48', '989'}",139,0.0015766429981171027
"{'39', '48', '4207'}",136,0.0015426147319706903
"{'39', '48', '320'}",139,0.0015766429981171027
"{'39', '48', '397'}",156,0.001769469839613439
"{'39', '48', '2792'}",175,0.0019849821918740502
"{'39', '48', '235'}",143,0.0016220140196456523
"{'39', '48', '2524'}",135,0.001531271976588553
"{'1655', '39', '48'}",139,0.0015766429981171027
"{'39', '48', '3759'}",159,0.0018034981057598511
"{'1808', '48', '39'}",133,0.001508586465824278
"{'39', '48', '534'}",147,0.001667385041174202
"{'39', '48', '204'}",135,0.001531271976588553
"{'39', '48', '2629'}",149,0.0016900705519384768
"{'39', '48', '2075'}",137,0.0015539574873528277
"{'39', '48', '342'}",134,0.0015199292212064155
"{'39', '48', '215'}",158,0.0017921553503777137
"{'38', '39', '1529'}",202,0.002291236587191761
"{'39', '48', '3964'}",160,0.0018148408611419885
"{'2495', '48', '39'}",140,0.00158798575349924
"{'39', '48', '1209'}",162,0.0018375263719062635
"{'39', '48', '75'}",160,0.0018148408611419885
"{'39', '1698', '48'}",140,0.00158798575349924
"{'203', '48', '39'}",146,0.0016560422857920646
"{'39', '15578', '48'}",149,0.0016900705519384768
"{'39', '48', '751'}",141,0.0015993285088813775
"{'3827', '39', '48'}",148,0.0016787277965563394
"{'164', '48', '39'}",138,0.001565300242734965
"{'39', '48', '2091'}",141,0.0015993285088813775
"{'39', '48', '1185'}",144,0.0016333567750277896
"{'39', '48', '984'}",159,0.0018034981057598511
"{'39', '96', '48'}",145,0.0016446995304099273
"{'39', '48', '346'}",146,0.0016560422857920646
"{'643', '39', '48'}",150,0.0017014133073206144
"{'39', '48', '1081'}",142,0.0016106712642635149
"{'39', '195', '48'}",134,0.0015199292212064155
"{'10525', '39', '48'}",153,0.0017354415734670266
"{'39', '48', '7975'}",134,0.0015199292212064155
"{'39', '48', '2325'}",147,0.001667385041174202
"{'39', '48', '1638'}",164,0.0018602118826705383
"{'39', '1444', '48'}",142,0.0016106712642635149
"{'10442', '39', '48'}",150,0.0017014133073206144
"{'39', '48', '12933'}",142,0.0016106712642635149
"{'39', '48', '993'}",140,0.00158798575349924
"{'39', '48', '2065'}",152,0.0017240988180848892
"{'15', '48', '39'}",148,0.0016787277965563394
"{'39', '48', '1027'}",165,0.0018715546380526757
"{'39', '48', '2254'}",151,0.0017127560627027518
"{'16430', '48', '16431'}",174,0.0019736394364919126
"{'16430', '39', '16431'}",186,0.0021097525010775617
"{'39', '48', '3510'}",148,0.0016787277965563394
"{'829', '39', '48'}",148,0.0016787277965563394
"{'39', '48', '424'}",151,0.0017127560627027518
"{'39', '48', '2626'}",150,0.0017014133073206144
"{'39', '48', '640'}",169,0.0019169256595812255
"{'39', '48', '5051'}",150,0.0017014133073206144
"{'39', '1046', '32'}",156,0.001769469839613439
"{'48', '1046', '32'}",171,0.0019396111703455002
"{'39', '48', '7205'}",137,0.0015539574873528277
"{'39', '48', '734'}",229,0.0025974909825094714
"{'39', '48', '8691'}",213,0.0024160068963952723
"{'39', '2991', '48'}",139,0.0015766429981171027
"{'39', '785', '48'}",140,0.00158798575349924
"{'39', '48', '730'}",167,0.0018942401488169507
"{'39', '48', '2552'}",148,0.0016787277965563394
"{'39', '48', '1973'}",141,0.0015993285088813775
"{'39', '48', '978'}",164,0.0018602118826705383
"{'39', '48', '1619'}",174,0.0019736394364919126
"{'39', '48', '2187'}",158,0.0017921553503777137
"{'39', '48', '2115'}",168,0.001905582904199088
"{'39', '48', '2015'}",178,0.002019010458020462
"{'903', '48', '39'}",151,0.0017127560627027518
"{'39', '48', '1930'}",148,0.0016787277965563394
"{'39', '48', '3502'}",164,0.0018602118826705383
"{'39', '48', '10490'}",176,0.0019963249472561874
"{'39', '715', '48'}",167,0.0018942401488169507
"{'39', '48', '2353'}",166,0.0018828973934348133
"{'39', '48', '1257'}",193,0.0021891517887525237
"{'39', '48', '727'}",184,0.002087066990313287
"{'39', '48', '1003'}",182,0.002064381479549012
"{'2515', '39', '48'}",133,0.001508586465824278
"{'39', '48', '12935'}",214,0.00242734965177741
"{'39', '48', '1859'}",134,0.0015199292212064155
"{'39', '48', '1214'}",137,0.0015539574873528277
"{'2492', '39', '48'}",141,0.0015993285088813775
"{'1313', '39', '48'}",179,0.0020303532134025998
"{'39', '48', '13443'}",142,0.0016106712642635149
"{'39', '48', '341'}",160,0.0018148408611419885
"{'39', '48', '2208'}",158,0.0017921553503777137
"{'39', '1361', '48'}",149,0.0016900705519384768
"{'39', '1052', '48'}",152,0.0017240988180848892
"{'39', '48', '12951'}",183,0.0020757242349311493
"{'39', '48', '176'}",144,0.0016333567750277896
"{'39', '48', '4698'}",187,0.0021210952564596993
"{'246', '39', '48'}",182,0.002064381479549012
"{'39', '48', '1103'}",189,0.002143780767223974
"{'39', '48', '14099'}",172,0.0019509539257276378
"{'39', '48', '3361'}",162,0.0018375263719062635
"{'39', '1481', '48'}",188,0.0021324380118418365
"{'12', '48', '39'}",161,0.0018261836165241261
"{'39', '48', '2775'}",167,0.0018942401488169507
"{'39', '48', '2673'}",190,0.0021551235226061113
"{'1066', '39', '48'}",169,0.0019169256595812255
"{'39', '48', '842'}",158,0.0017921553503777137
"{'694', '39', '48'}",162,0.0018375263719062635
"{'39', '48', '415'}",179,0.0020303532134025998
"{'39', '48', '248'}",200,0.0022685510764274856
"{'39', '48', '8985'}",168,0.001905582904199088
"{'10656', '39', '48'}",167,0.0018942401488169507
"{'39', '48', '1557'}",166,0.0018828973934348133
"{'39', '48', '12943'}",143,0.0016220140196456523
"{'10653', '48', '39'}",169,0.0019169256595812255
"{'10491', '48', '39'}",176,0.0019963249472561874
"{'39', '48', '2056'}",180,0.0020416959687847374
"{'1543', '39', '48'}",189,0.002143780767223974
"{'39', '2241', '48'}",214,0.00242734965177741
"{'39', '48', '1277'}",166,0.0018828973934348133
"{'9555', '48', '39'}",149,0.0016900705519384768
"{'39', '48', '3799'}",206,0.0023366076087203104
"{'39', '48', '1513'}",196,0.002223180054898936
"{'39', '48', '1486'}",181,0.0020530387241668746
"{'1000', '48', '39'}",164,0.0018602118826705383
"{'39', '48', '2343'}",146,0.0016560422857920646
"{'39', '1126', '48'}",165,0.0018715546380526757
"{'39', '48', '1121'}",168,0.001905582904199088
"{'2523', '39', '48'}",187,0.0021210952564596993
"{'39', '48', '514'}",201,0.002279893831809623
"{'39', '1158', '48'}",154,0.001746784328849164
"{'39', '48', '830'}",196,0.002223180054898936
"{'547', '39', '48'}",171,0.0019396111703455002
"{'9501', '39', '48'}",170,0.0019282684149633628
"{'39', '2987', '48'}",186,0.0021097525010775617
"{'591', '39', '48'}",210,0.00238197863024886
"{'39', '2505', '48'}",201,0.002279893831809623
"{'1062', '48', '39'}",168,0.001905582904199088
"{'319', '39', '48'}",194,0.0022004945441346613
"{'39', '48', '384'}",175,0.0019849821918740502
"{'13189', '39', '48'}",173,0.001962296681109775
"{'39', '48', '352'}",151,0.0017127560627027518
"{'979', '48', '39'}",222,0.002518091694834509
"{'365', '39', '48'}",197,0.0022345228102810736
"{'38', '47', '32'}",147,0.001667385041174202
"{'39', '48', '490'}",193,0.0021891517887525237
"{'39', '1404', '48'}",202,0.002291236587191761
"{'39', '48', '1113'}",171,0.0019396111703455002
"{'39', '48', '1704'}",180,0.0020416959687847374
"{'1585', '39', '48'}",191,0.002166466277988249
"{'831', '48', '39'}",237,0.0026882330255665705
"{'1659', '48', '39'}",194,0.0022004945441346613
"{'39', '48', '2135'}",228,0.002586148227127334
"{'39', '48', '2051'}",222,0.002518091694834509
"{'39', '48', '2184'}",210,0.00238197863024886
"{'80', '39', '48'}",208,0.002359293119484585
"{'1020', '48', '39'}",190,0.0021551235226061113
"{'39', '48', '432'}",190,0.0021551235226061113
"{'39', '48', '1867'}",187,0.0021210952564596993
"{'39', '48', '136'}",219,0.002484063428688097
"{'39', '48', '1677'}",211,0.0023933213856309975
"{'39', '48', '1479'}",197,0.0022345228102810736
"{'10444', '39', '48'}",221,0.002506748939452372
"{'39', '48', '12959'}",149,0.0016900705519384768
"{'39', '48', '14933'}",205,0.0023252648533381728
"{'408', '48', '39'}",198,0.002245865565663211
"{'39', '178', '48'}",194,0.0022004945441346613
"{'2879', '39', '48'}",199,0.0022572083210453484
"{'2399', '39', '48'}",194,0.0022004945441346613
"{'39', '48', '2080'}",187,0.0021210952564596993
"{'39', '418', '48'}",200,0.0022685510764274856
"{'39', '48', '1987'}",217,0.002461377917923822
"{'39', '48', '808'}",181,0.0020530387241668746
"{'39', '48', '2329'}",214,0.00242734965177741
"{'39', '48', '345'}",212,0.0024046641410131347
"{'39', '48', '856'}",192,0.0021778090333703865
"{'793', '48', '39'}",218,0.0024727206733059595
"{'39', '48', '2168'}",205,0.0023252648533381728
"{'39', '48', '52'}",239,0.0027109185363308453
"{'39', '48', '798'}",230,0.0026088337378916086
"{'1714', '39', '48'}",193,0.0021891517887525237
"{'2284', '39', '48'}",226,0.002563462716363059
"{'39', '48', '426'}",250,0.002835688845534357
"{'39', '48', '53'}",253,0.0028697171116807696
"{'39', '1355', '48'}",194,0.0022004945441346613
"{'39', '48', '571'}",240,0.002722261291712983
"{'39', '48', '398'}",224,0.0025407772055987842
"{'39', '94', '48'}",209,0.0023706358748667227
"{'39', '48', '910'}",222,0.002518091694834509
"{'39', '48', '855'}",228,0.002586148227127334
"{'39', '48', '4883'}",200,0.0022685510764274856
"{'39', '48', '261'}",244,0.0027676323132415324
"{'1693', '39', '48'}",232,0.0026315192486558833
"{'39', '48', '2118'}",232,0.0026315192486558833
"{'623', '48', '39'}",213,0.0024160068963952723
"{'39', '297', '48'}",242,0.0027449468024772577
"{'39', '48', '704'}",191,0.002166466277988249
"{'41', '48', '208'}",149,0.0016900705519384768
"{'41', '39', '208'}",165,0.0018715546380526757
"{'39', '48', '208'}",222,0.002518091694834509
"{'12946', '48', '39'}",212,0.0024046641410131347
"{'39', '48', '1417'}",217,0.002461377917923822
"{'961', '48', '39'}",240,0.002722261291712983
"{'30', '48', '39'}",218,0.0024727206733059595
"{'916', '39', '48'}",241,0.0027336040470951205
"{'913', '48', '39'}",232,0.0026315192486558833
"{'39', '48', '62'}",198,0.002245865565663211
"{'155', '48', '39'}",214,0.00242734965177741
"{'2', '39', '48'}",186,0.0021097525010775617
"{'1043', '48', '39'}",229,0.0025974909825094714
"{'39', '48', '2383'}",270,0.003062543953177106
"{'39', '48', '1239'}",239,0.0027109185363308453
"{'39', '48', '878'}",231,0.002620176493273746
"{'39', '2437', '48'}",215,0.002438692407159547
"{'39', '48', '1872'}",213,0.0024160068963952723
"{'39', '48', '581'}",264,0.002994487420884281
"{'39', '48', '885'}",222,0.002518091694834509
"{'39', '48', '1067'}",251,0.002847031600916495
"{'39', '48', '374'}",250,0.002835688845534357
"{'39', '48', '267'}",292,0.0033120845715841293
"{'4336', '48', '39'}",230,0.0026088337378916086
"{'41', '39', '1715'}",149,0.0016900705519384768
"{'39', '48', '1715'}",235,0.0026655475148022957
"{'947', '39', '48'}",207,0.002347950364102448
"{'41', '846', '39'}",144,0.0016333567750277896
"{'39', '48', '846'}",197,0.0022345228102810736
"{'2199', '39', '48'}",266,0.003017172931648556
"{'150', '48', '39'}",255,0.0028924026224450444
"{'1144', '39', '48'}",234,0.0026542047594201586
"{'39', '1783', '48'}",240,0.002722261291712983
"{'39', '48', '420'}",214,0.00242734965177741
"{'39', '48', '675'}",291,0.0033007418162019917
"{'16010', '8978', '39'}",147,0.001667385041174202
"{'39', '48', '425'}",299,0.0033914838592590912
"{'39', '48', '441'}",260,0.0029491163993557315
"{'209', '39', '48'}",207,0.002347950364102448
"{'41', '39', '15618'}",133,0.001508586465824278
"{'39', '48', '15618'}",222,0.002518091694834509
"{'39', '48', '1986'}",264,0.002994487420884281
"{'39', '48', '10446'}",246,0.0027903178240058077
"{'39', '251', '48'}",220,0.0024954061840702342
"{'2046', '48', '39'}",217,0.002461377917923822
"{'39', '48', '809'}",290,0.0032893990608198545
"{'39', '48', '865'}",272,0.0030852294639413806
"{'39', '48', '279'}",279,0.0031646287516163426
"{'39', '48', '340'}",281,0.0031873142623806174
"{'41', '789', '48'}",137,0.0015539574873528277
"{'41', '789', '39'}",158,0.0017921553503777137
"{'39', '789', '48'}",327,0.0037090810099589394
"{'39', '272', '48'}",283,0.0032099997731448926
"{'41', '39', '3616'}",157,0.0017808125949955764
"{'1146', '3616', '48'}",167,0.0018942401488169507
"{'39', '1146', '3616'}",189,0.002143780767223974
"{'39', '48', '3616'}",270,0.003062543953177106
"{'38', '105', '32'}",136,0.0015426147319706903
"{'38', '41', '105'}",147,0.001667385041174202
"{'1198', '41', '48'}",150,0.0017014133073206144
"{'1198', '41', '39'}",170,0.0019282684149633628
"{'1198', '39', '48'}",277,0.003141943240852068
"{'39', '48', '186'}",305,0.003459540391551916
"{'41', '48', '1135'}",136,0.0015426147319706903
"{'39', '1135', '32'}",134,0.0015199292212064155
"{'48', '1135', '32'}",162,0.0018375263719062635
"{'39', '48', '1135'}",386,0.004378303577505047
"{'16010', '16011', '32'}",142,0.0016106712642635149
"{'41', '39', '396'}",134,0.0015199292212064155
"{'39', '48', '396'}",278,0.0031532859962342054
"{'379', '39', '48'}",253,0.0028697171116807696
"{'39', '48', '259'}",255,0.0028924026224450444
"{'39', '48', '1814'}",344,0.0039019078514552757
"{'449', '48', '39'}",239,0.0027109185363308453
"{'260', '48', '39'}",271,0.003073886708559243
"{'39', '48', '407'}",304,0.0034481976361697784
"{'464', '41', '48'}",135,0.001531271976588553
"{'464', '41', '39'}",142,0.0016106712642635149
"{'464', '39', '48'}",289,0.003278056305437717
"{'39', '269', '48'}",310,0.003516254168462603
"{'39', '48', '681'}",275,0.003119257730087793
"{'41', '48', '11'}",148,0.0016787277965563394
"{'41', '11', '39'}",166,0.0018828973934348133
"{'39', '48', '11'}",346,0.00392459336221955
"{'39', '48', '10'}",322,0.0036523672330482523
"{'39', '48', '535'}",275,0.003119257730087793
"{'39', '48', '488'}",287,0.003255370794673442
"{'806', '41', '39'}",136,0.0015426147319706903
"{'38', '806', '39'}",135,0.001531271976588553
"{'806', '48', '39'}",302,0.0034255121254055036
"{'39', '48', '12929'}",320,0.003629681722283977
"{'39', '772', '48'}",275,0.003119257730087793
"{'39', '48', '664'}",296,0.003357455593112679
"{'38', '39', '1344'}",141,0.0015993285088813775
"{'41', '39', '23'}",150,0.0017014133073206144
"{'39', '48', '23'}",322,0.0036523672330482523
"{'39', '48', '1435'}",307,0.0034822259023161908
"{'41', '107', '39'}",140,0.00158798575349924
"{'39', '107', '48'}",322,0.0036523672330482523
"{'39', '48', '334'}",333,0.0037771375422517637
"{'41', '39', '766'}",135,0.001531271976588553
"{'39', '48', '766'}",335,0.0037998230530160385
"{'1600', '41', '39'}",148,0.0016787277965563394
"{'1600', '48', '39'}",307,0.0034822259023161908
"{'39', '48', '703'}",302,0.0034255121254055036
"{'38', '39', '103'}",141,0.0015993285088813775
"{'39', '48', '103'}",321,0.0036410244776661146
"{'41', '39', '976'}",137,0.0015539574873528277
"{'39', '117', '976'}",161,0.0018261836165241261
"{'48', '117', '976'}",169,0.0019169256595812255
"{'39', '48', '976'}",325,0.003686395499194664
"{'41', '48', '229'}",144,0.0016333567750277896
"{'41', '39', '229'}",149,0.0016900705519384768
"{'48', '229', '32'}",134,0.0015199292212064155
"{'38', '48', '229'}",144,0.0016333567750277896
"{'38', '39', '229'}",146,0.0016560422857920646
"{'39', '48', '229'}",382,0.004332932555976498
"{'39', '48', '812'}",310,0.003516254168462603
"{'38', '39', '156'}",139,0.0015766429981171027
"{'39', '48', '156'}",377,0.004276218779065811
"{'41', '39', '389'}",155,0.0017581270842313016
"{'38', '39', '389'}",146,0.0016560422857920646
"{'39', '48', '389'}",323,0.0036637099884303894
"{'549', '41', '48'}",140,0.00158798575349924
"{'549', '41', '39'}",151,0.0017127560627027518
"{'549', '48', '39'}",355,0.004026678160658787
"{'41', '48', '544'}",138,0.001565300242734965
"{'41', '39', '544'}",158,0.0017921553503777137
"{'39', '48', '544'}",348,0.003947278872983825
"{'41', '48', '649'}",135,0.001531271976588553
"{'41', '649', '39'}",145,0.0016446995304099273
"{'39', '48', '649'}",350,0.0039699643837481004
"{'18', '41', '48'}",138,0.001565300242734965
"{'18', '41', '39'}",157,0.0017808125949955764
"{'18', '48', '39'}",330,0.0037431092761053514
"{'41', '48', '76'}",154,0.001746784328849164
"{'41', '39', '76'}",172,0.0019509539257276378
"{'39', '48', '76'}",345,0.003913250606837413
"{'1578', '41', '39'}",137,0.0015539574873528277
"{'1578', '48', '39'}",350,0.0039699643837481004
"{'405', '10515', '48'}",160,0.0018148408611419885
"{'39', '405', '10515'}",178,0.002019010458020462
"{'39', '405', '48'}",340,0.0038565368299267257
"{'39', '48', '10515'}",373,0.004230847757537261
"{'38', '48', '264'}",157,0.0017808125949955764
"{'38', '39', '264'}",177,0.002007667702638325
"{'38', '39', '2958'}",145,0.0016446995304099273
"{'38', '48', '2958'}",163,0.001848869127288401
"{'48', '2958', '32'}",173,0.001962296681109775
"{'48', '956', '32'}",134,0.0015199292212064155
"{'39', '956', '32'}",146,0.0016560422857920646
"{'41', '48', '956'}",152,0.0017240988180848892
"{'41', '39', '956'}",170,0.0019282684149633628
"{'39', '48', '956'}",405,0.004593815929765659
"{'38', '39', '242'}",137,0.0015539574873528277
"{'39', '48', '242'}",300,0.003402826614641229
"{'39', '48', '45'}",361,0.004094734692951612
"{'41', '48', '31'}",134,0.0015199292212064155
"{'41', '39', '31'}",162,0.0018375263719062635
"{'39', '48', '31'}",336,0.003811165808398176
"{'41', '39', '479'}",154,0.001746784328849164
"{'39', '48', '479'}",358,0.0040607064268051996
"{'41', '39', '3270'}",159,0.0018034981057598511
"{'41', '48', '3270'}",160,0.0018148408611419885
"{'39', '48', '3270'}",416,0.00471858623896917
"{'39', '783', '32'}",138,0.001565300242734965
"{'41', '48', '783'}",139,0.0015766429981171027
"{'41', '783', '39'}",161,0.0018261836165241261
"{'39', '48', '783'}",439,0.004979469612758331
"{'38', '39', '175'}",166,0.0018828973934348133
"{'41', '48', '522'}",143,0.0016220140196456523
"{'41', '522', '39'}",168,0.001905582904199088
"{'39', '48', '522'}",425,0.004820671037408407
"{'258', '39', '32'}",137,0.0015539574873528277
"{'48', '179', '32'}",160,0.0018148408611419885
"{'39', '179', '32'}",162,0.0018375263719062635
"{'19', '41', '48'}",139,0.0015766429981171027
"{'19', '41', '39'}",144,0.0016333567750277896
"{'19', '39', '48'}",402,0.004559787663619246
"{'41', '161', '39'}",168,0.001905582904199088
"{'38', '39', '161'}",159,0.0018034981057598511
"{'39', '48', '161'}",356,0.004038020916040924
"{'48', '117', '32'}",140,0.00158798575349924
"{'48', '13041', '32'}",142,0.0016106712642635149
"{'39', '13041', '32'}",144,0.0016333567750277896
"{'39', '78', '32'}",161,0.0018261836165241261
"{'48', '78', '32'}",183,0.0020757242349311493
"{'41', '39', '1004'}",138,0.001565300242734965
"{'39', '1004', '32'}",167,0.0018942401488169507
"{'48', '1004', '32'}",167,0.0018942401488169507
"{'39', '48', '1004'}",381,0.004321589800594361
"{'41', '48', '677'}",166,0.0018828973934348133
"{'41', '39', '677'}",175,0.0019849821918740502
"{'39', '677', '32'}",150,0.0017014133073206144
"{'48', '677', '32'}",179,0.0020303532134025998
"{'39', '48', '677'}",446,0.005058868900433293
"{'41', '48', '589'}",138,0.001565300242734965
"{'41', '39', '589'}",158,0.0017921553503777137
"{'48', '589', '32'}",136,0.0015426147319706903
"{'39', '589', '32'}",147,0.001667385041174202
"{'39', '48', '589'}",443,0.005024840634286881
"{'32', '39', '49'}",150,0.0017014133073206144
"{'32', '48', '49'}",168,0.001905582904199088
"{'548', '48', '38'}",141,0.0015993285088813775
"{'548', '39', '38'}",143,0.0016220140196456523
"{'548', '48', '32'}",170,0.0019282684149633628
"{'548', '39', '32'}",171,0.0019396111703455002
"{'48', '15832', '32'}",134,0.0015199292212064155
"{'39', '15832', '32'}",155,0.0017581270842313016
"{'1393', '48', '38'}",137,0.0015539574873528277
"{'1393', '39', '38'}",162,0.0018375263719062635
"{'1393', '48', '32'}",153,0.0017354415734670266
"{'1393', '39', '32'}",160,0.0018148408611419885
"{'16217', '39', '38'}",135,0.001531271976588553
"{'41', '39', '740'}",163,0.001848869127288401
"{'38', '39', '740'}",158,0.0017921553503777137
"{'39', '48', '740'}",392,0.004446360109797872
"{'38', '39', '604'}",155,0.0017581270842313016
"{'48', '604', '32'}",139,0.0015766429981171027
"{'39', '604', '32'}",144,0.0016333567750277896
"{'824', '39', '32'}",144,0.0016333567750277896
"{'824', '48', '32'}",166,0.0018828973934348133
"{'38', '592', '48'}",137,0.0015539574873528277
"{'38', '39', '592'}",145,0.0016446995304099273
"{'592', '48', '32'}",163,0.001848869127288401
"{'39', '592', '32'}",173,0.001962296681109775
"{'38', '39', '338'}",133,0.001508586465824278
"{'39', '338', '32'}",145,0.0016446995304099273
"{'48', '338', '32'}",163,0.001848869127288401
"{'41', '39', '14098'}",139,0.0015766429981171027
"{'38', '39', '14098'}",145,0.0016446995304099273
"{'48', '14098', '32'}",141,0.0015993285088813775
"{'39', '14098', '32'}",149,0.0016900705519384768
"{'39', '48', '14098'}",540,0.006125087906354212
"{'41', '39', '123'}",168,0.001905582904199088
"{'41', '48', '123'}",168,0.001905582904199088
"{'48', '123', '32'}",151,0.0017127560627027518
"{'39', '123', '32'}",151,0.0017127560627027518
"{'39', '48', '123'}",509,0.005773462489507952
"{'38', '16010', '39'}",159,0.0018034981057598511
"{'38', '39', '9'}",153,0.0017354415734670266
"{'39', '9', '32'}",155,0.0017581270842313016
"{'48', '9', '32'}",155,0.0017581270842313016
"{'38', '48', '185'}",150,0.0017014133073206144
"{'38', '39', '185'}",165,0.0018715546380526757
"{'39', '185', '32'}",183,0.0020757242349311493
"{'48', '185', '32'}",184,0.002087066990313287
"{'41', '1146', '32'}",139,0.0015766429981171027
"{'48', '12925', '32'}",146,0.0016560422857920646
"{'533', '48', '32'}",179,0.0020303532134025998
"{'39', '533', '32'}",182,0.002064381479549012
"{'38', '39', '60'}",154,0.001746784328849164
"{'32', '48', '60'}",156,0.001769469839613439
"{'32', '39', '60'}",181,0.0020530387241668746
"{'2238', '48', '270'}",144,0.0016333567750277896
"{'2238', '39', '270'}",194,0.0022004945441346613
"{'2238', '271', '48'}",153,0.0017354415734670266
"{'2238', '271', '39'}",221,0.002506748939452372
"{'2238', '41', '38'}",143,0.0016220140196456523
"{'271', '270', '225'}",140,0.00158798575349924
"{'38', '271', '270'}",149,0.0016900705519384768
"{'41', '270', '32'}",140,0.00158798575349924
"{'271', '270', '32'}",146,0.0016560422857920646
"{'271', '41', '32'}",151,0.0017127560627027518
"{'38', '475', '41'}",136,0.0015426147319706903
"{'475', '41', '32'}",143,0.0016220140196456523
"{'39', '89', '101'}",137,0.0015539574873528277
"{'89', '48', '101'}",150,0.0017014133073206144
"{'39', '65', '101'}",138,0.001565300242734965
"{'39', '225', '310'}",135,0.001531271976588553
"{'38', '170', '110'}",158,0.0017921553503777137
"{'38', '36', '225'}",138,0.001565300242734965
"{'38', '65', '36'}",147,0.001667385041174202
"{'38', '89', '36'}",150,0.0017014133073206144
"{'38', '237', '36'}",157,0.0017808125949955764
"{'41', '36', '32'}",133,0.001508586465824278
"{'38', '170', '237'}",152,0.0017240988180848892
"{'39', '237', '65'}",149,0.0016900705519384768
"{'48', '237', '65'}",151,0.0017127560627027518
"{'41', '237', '32'}",141,0.0015993285088813775
"{'38', '237', '32'}",144,0.0016333567750277896
"{'39', '89', '225'}",137,0.0015539574873528277
"{'48', '65', '225'}",141,0.0015993285088813775
"{'39', '65', '225'}",159,0.0018034981057598511
"{'38', '225', '32'}",163,0.001848869127288401
"{'38', '89', '32'}",148,0.0016787277965563394
"{'38', '1727'}",162,0.0018375263719062635
"{'48', '4221'}",139,0.0015766429981171027
"{'39', '1184'}",134,0.0015199292212064155
"{'39', '289'}",135,0.001531271976588553
"{'39', '2476'}",134,0.0015199292212064155
"{'39', '5651'}",147,0.001667385041174202
"{'39', '813'}",134,0.0015199292212064155
"{'48', '573'}",135,0.001531271976588553
"{'39', '2378'}",134,0.0015199292212064155
"{'39', '1390'}",135,0.001531271976588553
"{'39', '1592'}",138,0.001565300242734965
"{'39', '10423'}",134,0.0015199292212064155
"{'48', '10423'}",148,0.0016787277965563394
"{'39', '1642'}",138,0.001565300242734965
"{'51', '48'}",134,0.0015199292212064155
"{'51', '39'}",137,0.0015539574873528277
"{'39', '2480'}",143,0.0016220140196456523
"{'39', '1537'}",157,0.0017808125949955764
"{'3276', '39'}",133,0.001508586465824278
"{'3276', '48'}",138,0.001565300242734965
"{'83', '39'}",133,0.001508586465824278
"{'39', '2150'}",133,0.001508586465824278
"{'48', '2150'}",141,0.0015993285088813775
"{'3537', '39'}",136,0.0015426147319706903
"{'48', '2389'}",136,0.0015426147319706903
"{'39', '3535'}",140,0.00158798575349924
"{'2469', '39'}",135,0.001531271976588553
"{'39', '193'}",133,0.001508586465824278
"{'39', '5358'}",151,0.0017127560627027518
"{'39', '713'}",141,0.0015993285088813775
"{'39', '434'}",133,0.001508586465824278
"{'39', '4105'}",141,0.0015993285088813775
"{'39', '2097'}",137,0.0015539574873528277
"{'1380', '309'}",134,0.0015199292212064155
"{'1380', '39'}",140,0.00158798575349924
"{'48', '939'}",140,0.00158798575349924
"{'48', '1060'}",147,0.001667385041174202
"{'39', '1060'}",153,0.0017354415734670266
"{'39', '711'}",157,0.0017808125949955764
"{'39', '706'}",153,0.0017354415734670266
"{'39', '596'}",143,0.0016220140196456523
"{'39', '5767'}",135,0.001531271976588553
"{'39', '2663'}",149,0.0016900705519384768
"{'39', '1342'}",138,0.001565300242734965
"{'1016', '39'}",137,0.0015539574873528277
"{'1016', '48'}",140,0.00158798575349924
"{'48', '558'}",139,0.0015766429981171027
"{'39', '11840'}",149,0.0016900705519384768
"{'48', '4891'}",133,0.001508586465824278
"{'39', '8730'}",141,0.0015993285088813775
"{'48', '6118'}",133,0.001508586465824278
"{'39', '6118'}",136,0.0015426147319706903
"{'48', '3055'}",135,0.001531271976588553
"{'2002', '48'}",133,0.001508586465824278
"{'1789', '48'}",141,0.0015993285088813775
"{'10611', '39'}",138,0.001565300242734965
"{'5782', '39'}",137,0.0015539574873528277
"{'39', '3186'}",143,0.0016220140196456523
"{'2788', '48'}",143,0.0016220140196456523
"{'39', '11747'}",140,0.00158798575349924
"{'48', '4975'}",135,0.001531271976588553
"{'39', '4975'}",164,0.0018602118826705383
"{'39', '639'}",155,0.0017581270842313016
"{'2286', '39'}",138,0.001565300242734965
"{'4201', '48'}",137,0.0015539574873528277
"{'39', '3808'}",138,0.001565300242734965
"{'48', '3808'}",143,0.0016220140196456523
"{'2011', '48'}",141,0.0015993285088813775
"{'2011', '39'}",154,0.001746784328849164
"{'1275', '39'}",141,0.0015993285088813775
"{'39', '43'}",138,0.001565300242734965
"{'39', '13043'}",134,0.0015199292212064155
"{'39', '3966'}",148,0.0016787277965563394
"{'39', '2147'}",135,0.001531271976588553
"{'48', '2147'}",138,0.001565300242734965
"{'48', '1538'}",138,0.001565300242734965
"{'39', '1538'}",159,0.0018034981057598511
"{'493', '48'}",139,0.0015766429981171027
"{'39', '493'}",147,0.001667385041174202
"{'39', '402'}",135,0.001531271976588553
"{'39', '4720'}",154,0.001746784328849164
"{'39', '1744'}",150,0.0017014133073206144
"{'39', '1678'}",134,0.0015199292212064155
"{'48', '1678'}",145,0.0016446995304099273
"{'48', '1593'}",150,0.0017014133073206144
"{'39', '1593'}",151,0.0017127560627027518
"{'48', '583'}",135,0.001531271976588553
"{'39', '583'}",154,0.001746784328849164
"{'48', '2599'}",135,0.001531271976588553
"{'39', '2599'}",162,0.0018375263719062635
"{'39', '199'}",136,0.0015426147319706903
"{'9843', '39'}",144,0.0016333567750277896
"{'48', '3006'}",135,0.001531271976588553
"{'39', '2394'}",139,0.0015766429981171027
"{'2394', '48'}",158,0.0017921553503777137
"{'529', '39'}",149,0.0016900705519384768
"{'529', '48'}",150,0.0017014133073206144
"{'48', '9669'}",138,0.001565300242734965
"{'39', '9669'}",149,0.0016900705519384768
"{'1964', '39'}",142,0.0016106712642635149
"{'1964', '48'}",143,0.0016220140196456523
"{'48', '896'}",137,0.0015539574873528277
"{'48', '171'}",140,0.00158798575349924
"{'39', '171'}",159,0.0018034981057598511
"{'3774', '39'}",136,0.0015426147319706903
"{'3774', '48'}",152,0.0017240988180848892
"{'2113', '48'}",148,0.0016787277965563394
"{'2113', '39'}",171,0.0019396111703455002
"{'3311', '1818'}",140,0.00158798575349924
"{'1819', '1818'}",145,0.0016446995304099273
"{'48', '1818'}",146,0.0016560422857920646
"{'39', '1818'}",147,0.001667385041174202
"{'795', '1818'}",150,0.0017014133073206144
"{'1345', '48'}",134,0.0015199292212064155
"{'39', '1345'}",155,0.0017581270842313016
"{'48', '3724'}",136,0.0015426147319706903
"{'48', '1996'}",149,0.0016900705519384768
"{'39', '1996'}",174,0.0019736394364919126
"{'39', '3149'}",161,0.0018261836165241261
"{'39', '1652'}",156,0.001769469839613439
"{'48', '1527'}",149,0.0016900705519384768
"{'39', '1527'}",162,0.0018375263719062635
"{'48', '650'}",137,0.0015539574873528277
"{'39', '650'}",138,0.001565300242734965
"{'48', '406'}",135,0.001531271976588553
"{'222', '39'}",133,0.001508586465824278
"{'222', '48'}",143,0.0016220140196456523
"{'39', '4940'}",140,0.00158798575349924
"{'48', '4940'}",147,0.001667385041174202
"{'39', '2706'}",133,0.001508586465824278
"{'48', '1815'}",135,0.001531271976588553
"{'39', '13182'}",138,0.001565300242734965
"{'39', '10074'}",165,0.0018715546380526757
"{'39', '9001'}",160,0.0018148408611419885
"{'48', '3292'}",151,0.0017127560627027518
"{'2746', '48'}",144,0.0016333567750277896
"{'39', '2746'}",158,0.0017921553503777137
"{'48', '2052'}",134,0.0015199292212064155
"{'39', '2052'}",137,0.0015539574873528277
"{'48', '1012'}",147,0.001667385041174202
"{'220', '48'}",138,0.001565300242734965
"{'39', '220'}",156,0.001769469839613439
"{'48', '3221'}",159,0.0018034981057598511
"{'2983', '48'}",142,0.0016106712642635149
"{'39', '2983'}",149,0.0016900705519384768
"{'2728', '48'}",134,0.0015199292212064155
"{'2728', '39'}",143,0.0016220140196456523
"{'851', '48'}",137,0.0015539574873528277
"{'48', '486'}",137,0.0015539574873528277
"{'48', '447'}",140,0.00158798575349924
"{'39', '447'}",142,0.0016106712642635149
"{'48', '1072'}",136,0.0015426147319706903
"{'39', '1072'}",154,0.001746784328849164
"{'48', '1071'}",147,0.001667385041174202
"{'39', '151'}",158,0.0017921553503777137
"{'48', '6128'}",146,0.0016560422857920646
"{'39', '6128'}",152,0.0017240988180848892
"{'48', '2874'}",138,0.001565300242734965
"{'39', '2874'}",139,0.0015766429981171027
"{'39', '282'}",158,0.0017921553503777137
"{'48', '282'}",162,0.0018375263719062635
"{'39', '4630'}",143,0.0016220140196456523
"{'48', '4630'}",144,0.0016333567750277896
"{'48', '849'}",134,0.0015199292212064155
"{'39', '849'}",141,0.0015993285088813775
"{'108', '48'}",139,0.0015766429981171027
"{'12677', '48'}",136,0.0015426147319706903
"{'1085', '39'}",133,0.001508586465824278
"{'39', '887'}",138,0.001565300242734965
"{'48', '887'}",164,0.0018602118826705383
"{'48', '759'}",138,0.001565300242734965
"{'39', '759'}",153,0.0017354415734670266
"{'599', '39'}",134,0.0015199292212064155
"{'440', '39'}",139,0.0015766429981171027
"{'440', '48'}",143,0.0016220140196456523
"{'48', '399'}",154,0.001746784328849164
"{'39', '399'}",160,0.0018148408611419885
"{'48', '4316'}",135,0.001531271976588553
"{'39', '4316'}",143,0.0016220140196456523
"{'39', '2103'}",148,0.0016787277965563394
"{'48', '2103'}",153,0.0017354415734670266
"{'39', '1476'}",168,0.001905582904199088
"{'39', '1249'}",151,0.0017127560627027518
"{'48', '1249'}",155,0.0017581270842313016
"{'39', '911'}",144,0.0016333567750277896
"{'48', '911'}",150,0.0017014133073206144
"{'48', '565'}",149,0.0016900705519384768
"{'39', '565'}",156,0.001769469839613439
"{'9304', '48'}",136,0.0015426147319706903
"{'39', '2188'}",140,0.00158798575349924
"{'48', '2188'}",143,0.0016220140196456523
"{'39', '4209'}",143,0.0016220140196456523
"{'48', '1395'}",138,0.001565300242734965
"{'39', '1395'}",149,0.0016900705519384768
"{'39', '606'}",144,0.0016333567750277896
"{'39', '392'}",135,0.001531271976588553
"{'48', '392'}",141,0.0015993285088813775
"{'48', '200'}",139,0.0015766429981171027
"{'39', '200'}",146,0.0016560422857920646
"{'39', '3683'}",148,0.0016787277965563394
"{'39', '1994'}",136,0.0015426147319706903
"{'48', '1994'}",162,0.0018375263719062635
"{'48', '926'}",142,0.0016106712642635149
"{'39', '926'}",156,0.001769469839613439
"{'795', '3311'}",147,0.001667385041174202
"{'3311', '48'}",149,0.0016900705519384768
"{'3311', '39'}",151,0.0017127560627027518
"{'3311', '1819'}",180,0.0020416959687847374
"{'48', '1784'}",150,0.0017014133073206144
"{'39', '1784'}",151,0.0017127560627027518
"{'2634', '48'}",140,0.00158798575349924
"{'39', '2634'}",143,0.0016220140196456523
"{'48', '4339'}",143,0.0016220140196456523
"{'39', '4339'}",159,0.0018034981057598511
"{'39', '3404'}",156,0.001769469839613439
"{'48', '3404'}",158,0.0017921553503777137
"{'48', '2528'}",136,0.0015426147319706903
"{'39', '2528'}",152,0.0017240988180848892
"{'1332', '39'}",136,0.0015426147319706903
"{'1332', '48'}",146,0.0016560422857920646
"{'48', '760'}",149,0.0016900705519384768
"{'39', '760'}",155,0.0017581270842313016
"{'48', '15345'}",137,0.0015539574873528277
"{'48', '3321'}",140,0.00158798575349924
"{'39', '3321'}",154,0.001746784328849164
"{'3291', '48'}",149,0.0016900705519384768
"{'39', '3291'}",156,0.001769469839613439
"{'39', '2350'}",147,0.001667385041174202
"{'2350', '48'}",159,0.0018034981057598511
"{'39', '1594'}",153,0.0017354415734670266
"{'1378', '48'}",147,0.001667385041174202
"{'1378', '309'}",151,0.0017127560627027518
"{'1378', '1379'}",158,0.0017921553503777137
"{'1378', '39'}",159,0.0018034981057598511
"{'48', '708'}",145,0.0016446995304099273
"{'39', '708'}",178,0.002019010458020462
"{'48', '104'}",133,0.001508586465824278
"{'39', '104'}",152,0.0017240988180848892
"{'39', '133'}",156,0.001769469839613439
"{'48', '133'}",158,0.0017921553503777137
"{'48', '69'}",156,0.001769469839613439
"{'39', '69'}",162,0.0018375263719062635
"{'48', '1591'}",152,0.0017240988180848892
"{'39', '1591'}",169,0.0019169256595812255
"{'1160', '39'}",156,0.001769469839613439
"{'1160', '48'}",157,0.0017808125949955764
"{'1104', '48'}",149,0.0016900705519384768
"{'39', '1104'}",167,0.0018942401488169507
"{'39', '651'}",156,0.001769469839613439
"{'39', '2998'}",168,0.001905582904199088
"{'48', '2998'}",169,0.0019169256595812255
"{'48', '2276'}",139,0.0015766429981171027
"{'39', '767'}",162,0.0018375263719062635
"{'48', '767'}",164,0.0018602118826705383
"{'388', '48'}",143,0.0016220140196456523
"{'388', '39'}",152,0.0017240988180848892
"{'39', '350'}",153,0.0017354415734670266
"{'39', '2815'}",133,0.001508586465824278
"{'48', '2815'}",151,0.0017127560627027518
"{'48', '2177'}",152,0.0017240988180848892
"{'39', '2177'}",161,0.0018261836165241261
"{'1609', '14933'}",145,0.0016446995304099273
"{'1609', '39'}",153,0.0017354415734670266
"{'1318', '48'}",143,0.0016220140196456523
"{'1318', '39'}",153,0.0017354415734670266
"{'39', '50'}",153,0.0017354415734670266
"{'39', '2441'}",148,0.0016787277965563394
"{'48', '2441'}",154,0.001746784328849164
"{'48', '256'}",134,0.0015199292212064155
"{'39', '256'}",188,0.0021324380118418365
"{'39', '77'}",139,0.0015766429981171027
"{'48', '77'}",162,0.0018375263719062635
"{'48', '2561'}",145,0.0016446995304099273
"{'39', '2186'}",154,0.001746784328849164
"{'1819', '48'}",156,0.001769469839613439
"{'39', '1819'}",163,0.001848869127288401
"{'795', '1819'}",167,0.0018942401488169507
"{'48', '1804'}",151,0.0017127560627027518
"{'39', '1804'}",164,0.0018602118826705383
"{'795', '39'}",156,0.001769469839613439
"{'795', '48'}",158,0.0017921553503777137
"{'39', '3102'}",155,0.0017581270842313016
"{'39', '2406'}",150,0.0017014133073206144
"{'39', '1897'}",141,0.0015993285088813775
"{'48', '1897'}",144,0.0016333567750277896
"{'39', '924'}",151,0.0017127560627027518
"{'48', '924'}",164,0.0018602118826705383
"{'39', '10568'}",155,0.0017581270842313016
"{'48', '10568'}",157,0.0017808125949955764
"{'48', '2723'}",142,0.0016106712642635149
"{'1497', '39'}",139,0.0015766429981171027
"{'1372', '48'}",147,0.001667385041174202
"{'1372', '39'}",156,0.001769469839613439
"{'39', '1143'}",178,0.002019010458020462
"{'925', '48'}",156,0.001769469839613439
"{'925', '39'}",165,0.0018715546380526757
"{'48', '5728'}",160,0.0018148408611419885
"{'39', '5728'}",191,0.002166466277988249
"{'39', '1595'}",148,0.0016787277965563394
"{'48', '1595'}",149,0.0016900705519384768
"{'39', '2843'}",148,0.0016787277965563394
"{'48', '2843'}",156,0.001769469839613439
"{'48', '987'}",153,0.0017354415734670266
"{'39', '987'}",157,0.0017808125949955764
"{'48', '576'}",161,0.0018261836165241261
"{'39', '576'}",170,0.0019282684149633628
"{'48', '3451'}",136,0.0015426147319706903
"{'39', '3451'}",161,0.0018261836165241261
"{'1163', '39'}",141,0.0015993285088813775
"{'1163', '48'}",177,0.002007667702638325
"{'1026', '48'}",139,0.0015766429981171027
"{'1026', '39'}",168,0.001905582904199088
"{'39', '167'}",148,0.0016787277965563394
"{'48', '167'}",164,0.0018602118826705383
"{'39', '2225'}",152,0.0017240988180848892
"{'48', '1966'}",152,0.0017240988180848892
"{'39', '1966'}",184,0.002087066990313287
"{'39', '837'}",133,0.001508586465824278
"{'48', '837'}",151,0.0017127560627027518
"{'48', '206'}",153,0.0017354415734670266
"{'39', '206'}",153,0.0017354415734670266
"{'39', '4307'}",157,0.0017808125949955764
"{'48', '4307'}",168,0.001905582904199088
"{'39', '3189'}",138,0.001565300242734965
"{'48', '3189'}",150,0.0017014133073206144
"{'1899', '48'}",151,0.0017127560627027518
"{'1899', '39'}",174,0.0019736394364919126
"{'647', '769'}",150,0.0017014133073206144
"{'39', '10513'}",145,0.0016446995304099273
"{'48', '10513'}",155,0.0017581270842313016
"{'3160', '48'}",135,0.001531271976588553
"{'3160', '39'}",150,0.0017014133073206144
"{'612', '48'}",135,0.001531271976588553
"{'612', '39'}",149,0.0016900705519384768
"{'39', '552'}",156,0.001769469839613439
"{'48', '552'}",174,0.0019736394364919126
"{'492', '48'}",148,0.0016787277965563394
"{'492', '39'}",164,0.0018602118826705383
"{'39', '489'}",154,0.001746784328849164
"{'48', '489'}",165,0.0018715546380526757
"{'39', '189'}",154,0.001746784328849164
"{'2915', '48'}",141,0.0015993285088813775
"{'2915', '39'}",164,0.0018602118826705383
"{'2420', '48'}",145,0.0016446995304099273
"{'2420', '39'}",162,0.0018375263719062635
"{'39', '2259'}",175,0.0019849821918740502
"{'1013', '48'}",150,0.0017014133073206144
"{'1013', '39'}",162,0.0018375263719062635
"{'757', '48'}",155,0.0017581270842313016
"{'39', '757'}",184,0.002087066990313287
"{'48', '550'}",146,0.0016560422857920646
"{'39', '550'}",154,0.001746784328849164
"{'39', '4344'}",184,0.002087066990313287
"{'48', '2212'}",145,0.0016446995304099273
"{'39', '2212'}",150,0.0017014133073206144
"{'1014', '39'}",157,0.0017808125949955764
"{'1014', '48'}",162,0.0018375263719062635
"{'39', '753'}",157,0.0017808125949955764
"{'48', '753'}",158,0.0017921553503777137
"{'749', '39'}",137,0.0015539574873528277
"{'39', '587'}",156,0.001769469839613439
"{'48', '587'}",163,0.001848869127288401
"{'3462', '48'}",148,0.0016787277965563394
"{'39', '3462'}",157,0.0017808125949955764
"{'39', '3151'}",150,0.0017014133073206144
"{'48', '3151'}",155,0.0017581270842313016
"{'48', '932'}",140,0.00158798575349924
"{'39', '932'}",166,0.0018828973934348133
"{'39', '536'}",160,0.0018148408611419885
"{'48', '536'}",164,0.0018602118826705383
"{'48', '344'}",161,0.0018261836165241261
"{'205', '48'}",152,0.0017240988180848892
"{'39', '205'}",159,0.0018034981057598511
"{'3012', '48'}",151,0.0017127560627027518
"{'39', '3012'}",165,0.0018715546380526757
"{'673', '39'}",172,0.0019509539257276378
"{'48', '414'}",144,0.0016333567750277896
"{'39', '414'}",188,0.0021324380118418365
"{'48', '308'}",149,0.0016900705519384768
"{'1269', '308'}",150,0.0017014133073206144
"{'39', '308'}",170,0.0019282684149633628
"{'48', '3635'}",166,0.0018828973934348133
"{'39', '3635'}",168,0.001905582904199088
"{'2988', '48'}",142,0.0016106712642635149
"{'2988', '39'}",152,0.0017240988180848892
"{'2763', '48'}",147,0.001667385041174202
"{'2763', '39'}",164,0.0018602118826705383
"{'39', '1629'}",150,0.0017014133073206144
"{'48', '1629'}",165,0.0018715546380526757
"{'39', '347'}",160,0.0018148408611419885
"{'48', '347'}",177,0.002007667702638325
"{'10448', '48'}",149,0.0016900705519384768
"{'39', '10448'}",154,0.001746784328849164
"{'39', '1938'}",169,0.0019169256595812255
"{'39', '1183'}",136,0.0015426147319706903
"{'48', '1183'}",179,0.0020303532134025998
"{'48', '2370'}",146,0.0016560422857920646
"{'39', '2370'}",151,0.0017127560627027518
"{'39', '1903'}",141,0.0015993285088813775
"{'48', '1903'}",156,0.001769469839613439
"{'1010', '48'}",165,0.0018715546380526757
"{'1010', '39'}",193,0.0021891517887525237
"{'116', '48'}",154,0.001746784328849164
"{'116', '39'}",166,0.0018828973934348133
"{'48', '1'}",142,0.0016106712642635149
"{'39', '1'}",163,0.001848869127288401
"{'8867', '48'}",151,0.0017127560627027518
"{'8867', '39'}",163,0.001848869127288401
"{'48', '12473'}",166,0.0018828973934348133
"{'39', '12473'}",172,0.0019509539257276378
"{'39', '2856'}",170,0.0019282684149633628
"{'48', '2856'}",176,0.0019963249472561874
"{'39', '285'}",152,0.0017240988180848892
"{'48', '285'}",185,0.0020984097456954245
"{'39', '4685'}",166,0.0018828973934348133
"{'4685', '48'}",178,0.002019010458020462
"{'48', '1616'}",149,0.0016900705519384768
"{'39', '1616'}",169,0.0019169256595812255
"{'1602', '48'}",165,0.0018715546380526757
"{'1602', '39'}",176,0.0019963249472561874
"{'48', '563'}",155,0.0017581270842313016
"{'39', '563'}",163,0.001848869127288401
"{'2053', '39'}",157,0.0017808125949955764
"{'2053', '48'}",176,0.0019963249472561874
"{'39', '1096'}",152,0.0017240988180848892
"{'48', '1096'}",154,0.001746784328849164
"{'95', '48'}",162,0.0018375263719062635
"{'95', '39'}",189,0.002143780767223974
"{'48', '5248'}",152,0.0017240988180848892
"{'39', '5248'}",175,0.0019849821918740502
"{'39', '5124'}",150,0.0017014133073206144
"{'48', '5124'}",170,0.0019282684149633628
"{'39', '1232'}",140,0.00158798575349924
"{'1232', '48'}",179,0.0020303532134025998
"{'39', '244'}",146,0.0016560422857920646
"{'48', '244'}",147,0.001667385041174202
"{'2997', '48'}",162,0.0018375263719062635
"{'2997', '39'}",164,0.0018602118826705383
"{'3315', '48'}",155,0.0017581270842313016
"{'3315', '39'}",175,0.0019849821918740502
"{'615', '48'}",170,0.0019282684149633628
"{'39', '165'}",160,0.0018148408611419885
"{'164', '165'}",160,0.0018148408611419885
"{'48', '165'}",195,0.0022118372995167984
"{'4945', '39'}",142,0.0016106712642635149
"{'4945', '48'}",177,0.002007667702638325
"{'48', '2573'}",154,0.001746784328849164
"{'39', '2573'}",178,0.002019010458020462
"{'48', '1741'}",134,0.0015199292212064155
"{'39', '1741'}",194,0.0022004945441346613
"{'1188', '48'}",134,0.0015199292212064155
"{'39', '250'}",155,0.0017581270842313016
"{'48', '250'}",178,0.002019010458020462
"{'48', '169'}",159,0.0018034981057598511
"{'39', '169'}",177,0.002007667702638325
"{'39', '128'}",144,0.0016333567750277896
"{'48', '128'}",170,0.0019282684149633628
"{'1294', '48'}",166,0.0018828973934348133
"{'1294', '39'}",167,0.0018942401488169507
"{'48', '1291'}",160,0.0018148408611419885
"{'39', '1291'}",170,0.0019282684149633628
"{'166', '684'}",138,0.001565300242734965
"{'39', '684'}",168,0.001905582904199088
"{'48', '684'}",177,0.002007667702638325
"{'48', '3279'}",161,0.0018261836165241261
"{'39', '3279'}",181,0.0020530387241668746
"{'1269', '1080'}",137,0.0015539574873528277
"{'309', '1269'}",149,0.0016900705519384768
"{'48', '1269'}",161,0.0018261836165241261
"{'39', '1269'}",194,0.0022004945441346613
"{'2596', '39'}",149,0.0016900705519384768
"{'2596', '48'}",156,0.001769469839613439
"{'48', '2344'}",180,0.0020416959687847374
"{'39', '2344'}",183,0.0020757242349311493
"{'48', '764'}",153,0.0017354415734670266
"{'39', '764'}",194,0.0022004945441346613
"{'611', '48'}",161,0.0018261836165241261
"{'611', '39'}",165,0.0018715546380526757
"{'39', '2625'}",161,0.0018261836165241261
"{'48', '2625'}",166,0.0018828973934348133
"{'1976', '48'}",177,0.002007667702638325
"{'1976', '39'}",184,0.002087066990313287
"{'39', '1564'}",140,0.00158798575349924
"{'48', '1564'}",182,0.002064381479549012
"{'1379', '1080'}",141,0.0015993285088813775
"{'48', '1379'}",156,0.001769469839613439
"{'309', '1379'}",166,0.0018828973934348133
"{'39', '1379'}",196,0.002223180054898936
"{'48', '1280'}",165,0.0018715546380526757
"{'39', '1280'}",169,0.0019169256595812255
"{'48', '511'}",135,0.001531271976588553
"{'39', '511'}",161,0.0018261836165241261
"{'234', '48'}",138,0.001565300242734965
"{'234', '39'}",185,0.0020984097456954245
"{'48', '10551'}",168,0.001905582904199088
"{'39', '10551'}",178,0.002019010458020462
"{'48', '2965'}",179,0.0020303532134025998
"{'39', '2965'}",179,0.0020303532134025998
"{'48', '2635'}",152,0.0017240988180848892
"{'39', '2635'}",178,0.002019010458020462
"{'39', '3668'}",174,0.0019736394364919126
"{'3668', '48'}",180,0.0020416959687847374
"{'48', '3194'}",139,0.0015766429981171027
"{'39', '3194'}",143,0.0016220140196456523
"{'662', '48'}",161,0.0018261836165241261
"{'662', '39'}",169,0.0019169256595812255
"{'48', '4899'}",144,0.0016333567750277896
"{'39', '4899'}",203,0.002302579342573898
"{'1001', '39'}",162,0.0018375263719062635
"{'1001', '48'}",183,0.0020757242349311493
"{'48', '907'}",152,0.0017240988180848892
"{'39', '907'}",194,0.0022004945441346613
"{'39', '82'}",165,0.0018715546380526757
"{'48', '82'}",177,0.002007667702638325
"{'5405', '48'}",170,0.0019282684149633628
"{'5405', '39'}",173,0.001962296681109775
"{'48', '4642'}",135,0.001531271976588553
"{'39', '4642'}",145,0.0016446995304099273
"{'48', '423'}",162,0.0018375263719062635
"{'39', '423'}",164,0.0018602118826705383
"{'2238', '5729'}",145,0.0016446995304099273
"{'3294', '48'}",161,0.0018261836165241261
"{'3294', '39'}",198,0.002245865565663211
"{'39', '938'}",165,0.0018715546380526757
"{'48', '938'}",168,0.001905582904199088
"{'1763', '48'}",164,0.0018602118826705383
"{'1763', '39'}",165,0.0018715546380526757
"{'48', '8068'}",166,0.0018828973934348133
"{'39', '8068'}",202,0.002291236587191761
"{'48', '5074'}",182,0.002064381479549012
"{'39', '5074'}",184,0.002087066990313287
"{'39', '1172'}",176,0.0019963249472561874
"{'1172', '48'}",184,0.002087066990313287
"{'309', '1080'}",159,0.0018034981057598511
"{'48', '1080'}",167,0.0018942401488169507
"{'39', '1080'}",183,0.0020757242349311493
"{'543', '48'}",172,0.0019509539257276378
"{'543', '39'}",175,0.0019849821918740502
"{'48', '5'}",159,0.0018034981057598511
"{'39', '5'}",160,0.0018148408611419885
"{'4994', '48'}",173,0.001962296681109775
"{'4994', '39'}",188,0.0021324380118418365
"{'39', '682'}",188,0.0021324380118418365
"{'48', '682'}",191,0.002166466277988249
"{'48', '5152'}",152,0.0017240988180848892
"{'39', '5152'}",189,0.002143780767223974
"{'48', '2054'}",176,0.0019963249472561874
"{'39', '2054'}",188,0.0021324380118418365
"{'48', '1281'}",161,0.0018261836165241261
"{'39', '1281'}",178,0.002019010458020462
"{'4779', '39'}",158,0.0017921553503777137
"{'4779', '48'}",172,0.0019509539257276378
"{'1489', '48'}",155,0.0017581270842313016
"{'1489', '39'}",189,0.002143780767223974
"{'39', '3316'}",168,0.001905582904199088
"{'48', '3316'}",169,0.0019169256595812255
"{'2425', '48'}",160,0.0018148408611419885
"{'2425', '39'}",164,0.0018602118826705383
"{'1939', '48'}",178,0.002019010458020462
"{'1939', '39'}",181,0.0020530387241668746
"{'48', '697'}",165,0.0018715546380526757
"{'39', '697'}",200,0.0022685510764274856
"{'166', '39'}",180,0.0020416959687847374
"{'166', '48'}",183,0.0020757242349311493
"{'39', '14386'}",169,0.0019169256595812255
"{'48', '2749'}",166,0.0018828973934348133
"{'39', '2749'}",192,0.0021778090333703865
"{'39', '2364'}",168,0.001905582904199088
"{'2364', '48'}",179,0.0020303532134025998
"{'48', '927'}",180,0.0020416959687847374
"{'39', '927'}",183,0.0020757242349311493
"{'39', '10451'}",168,0.001905582904199088
"{'48', '10451'}",175,0.0019849821918740502
"{'48', '12981'}",160,0.0018148408611419885
"{'39', '12981'}",174,0.0019736394364919126
"{'48', '213'}",160,0.0018148408611419885
"{'39', '213'}",216,0.0024500351625416847
"{'39', '1991'}",225,0.0025521199609809214
"{'39', '278'}",171,0.0019396111703455002
"{'48', '278'}",174,0.0019736394364919126
"{'39', '227'}",151,0.0017127560627027518
"{'309', '48'}",161,0.0018261836165241261
"{'39', '309'}",211,0.0023933213856309975
"{'39', '1034'}",157,0.0017808125949955764
"{'1034', '769'}",172,0.0019509539257276378
"{'39', '10943'}",153,0.0017354415734670266
"{'10943', '48'}",204,0.0023139220979560356
"{'48', '1333'}",171,0.0019396111703455002
"{'39', '1333'}",187,0.0021210952564596993
"{'3317', '48'}",172,0.0019509539257276378
"{'3317', '39'}",179,0.0020303532134025998
"{'48', '2191'}",172,0.0019509539257276378
"{'39', '2191'}",182,0.002064381479549012
"{'39', '622'}",177,0.002007667702638325
"{'48', '622'}",191,0.002166466277988249
"{'262', '48'}",186,0.0021097525010775617
"{'262', '39'}",192,0.0021778090333703865
"{'48', '66'}",168,0.001905582904199088
"{'39', '66'}",180,0.0020416959687847374
"{'433', '48'}",173,0.001962296681109775
"{'433', '39'}",197,0.0022345228102810736
"{'48', '1529'}",139,0.0015766429981171027
"{'48', '921'}",183,0.0020757242349311493
"{'39', '921'}",188,0.0021324380118418365
"{'39', '13032'}",186,0.0021097525010775617
"{'48', '13032'}",195,0.0022118372995167984
"{'4524', '48'}",187,0.0021210952564596993
"{'39', '4524'}",193,0.0021891517887525237
"{'13174', '48'}",184,0.002087066990313287
"{'13174', '39'}",197,0.0022345228102810736
"{'48', '12982'}",177,0.002007667702638325
"{'39', '12982'}",190,0.0021551235226061113
"{'1196', '48'}",185,0.0020984097456954245
"{'1196', '39'}",192,0.0021778090333703865
"{'48', '652'}",187,0.0021210952564596993
"{'39', '652'}",205,0.0023252648533381728
"{'39', '2215'}",164,0.0018602118826705383
"{'48', '2215'}",195,0.0022118372995167984
"{'48', '4393'}",185,0.0020984097456954245
"{'39', '4393'}",191,0.002166466277988249
"{'39', '769'}",136,0.0015426147319706903
"{'39', '13334'}",172,0.0019509539257276378
"{'48', '13334'}",189,0.002143780767223974
"{'2894', '48'}",180,0.0020416959687847374
"{'2894', '39'}",182,0.002064381479549012
"{'39', '4650'}",184,0.002087066990313287
"{'48', '4650'}",188,0.0021324380118418365
"{'48', '1360'}",194,0.0022004945441346613
"{'39', '1360'}",204,0.0023139220979560356
"{'2633', '48'}",181,0.0020530387241668746
"{'2633', '39'}",190,0.0021551235226061113
"{'653', '39'}",192,0.0021778090333703865
"{'653', '48'}",195,0.0022118372995167984
"{'48', '1425'}",172,0.0019509539257276378
"{'39', '1425'}",202,0.002291236587191761
"{'48', '2468'}",162,0.0018375263719062635
"{'39', '2468'}",213,0.0024160068963952723
"{'1308', '39'}",184,0.002087066990313287
"{'1308', '48'}",191,0.002166466277988249
"{'39', '610'}",182,0.002064381479549012
"{'48', '610'}",196,0.002223180054898936
"{'497', '48'}",176,0.0019963249472561874
"{'497', '39'}",200,0.0022685510764274856
"{'48', '768'}",157,0.0017808125949955764
"{'39', '768'}",188,0.0021324380118418365
"{'232', '39'}",200,0.0022685510764274856
"{'232', '48'}",207,0.002347950364102448
"{'39', '817'}",182,0.002064381479549012
"{'48', '817'}",210,0.00238197863024886
"{'1562', '39'}",193,0.0021891517887525237
"{'1562', '48'}",206,0.0023366076087203104
"{'39', '1082'}",196,0.002223180054898936
"{'1082', '48'}",212,0.0024046641410131347
"{'41', '1859'}",156,0.001769469839613439
"{'1859', '352'}",161,0.0018261836165241261
"{'842', '175'}",143,0.0016220140196456523
"{'39', '351'}",220,0.0024954061840702342
"{'48', '351'}",221,0.002506748939452372
"{'41', '1121'}",138,0.001565300242734965
"{'2284', '2505'}",194,0.0022004945441346613
"{'41', '384'}",144,0.0016333567750277896
"{'41', '352'}",170,0.0019282684149633628
"{'41', '2184'}",144,0.0016333567750277896
"{'41', '432'}",134,0.0015199292212064155
"{'178', '175'}",151,0.0017127560627027518
"{'41', '2168'}",153,0.0017354415734670266
"{'41', '1355'}",138,0.001565300242734965
"{'1355', '175'}",177,0.002007667702638325
"{'41', '94'}",143,0.0016220140196456523
"{'910', '32'}",137,0.0015539574873528277
"{'41', '855'}",158,0.0017921553503777137
"{'623', '41'}",152,0.0017240988180848892
"{'297', '544'}",141,0.0015993285088813775
"{'961', '107'}",140,0.00158798575349924
"{'913', '41'}",137,0.0015539574873528277
"{'1043', '32'}",145,0.0016446995304099273
"{'41', '878'}",144,0.0016333567750277896
"{'41', '2437'}",154,0.001746784328849164
"{'41', '1872'}",162,0.0018375263719062635
"{'885', '441'}",139,0.0015766429981171027
"{'41', '1067'}",145,0.0016446995304099273
"{'32', '1067'}",148,0.0016787277965563394
"{'107', '1067'}",171,0.0019396111703455002
"{'41', '374'}",156,0.001769469839613439
"{'41', '267'}",133,0.001508586465824278
"{'38', '267'}",153,0.0017354415734670266
"{'4336', '41'}",134,0.0015199292212064155
"{'1715', '32'}",156,0.001769469839613439
"{'2199', '32'}",138,0.001565300242734965
"{'2199', '41'}",147,0.001667385041174202
"{'1144', '32'}",139,0.0015766429981171027
"{'1144', '249'}",189,0.002143780767223974
"{'41', '1783'}",150,0.0017014133073206144
"{'8978', '32'}",137,0.0015539574873528277
"{'38', '1986'}",142,0.0016106712642635149
"{'41', '1986'}",148,0.0016787277965563394
"{'41', '10446'}",133,0.001508586465824278
"{'10446', '32'}",141,0.0015993285088813775
"{'251', '32'}",143,0.0016220140196456523
"{'41', '809'}",134,0.0015199292212064155
"{'32', '865'}",140,0.00158798575349924
"{'279', '32'}",143,0.0016220140196456523
"{'41', '279'}",154,0.001746784328849164
"{'41', '340'}",165,0.0018715546380526757
"{'789', '32'}",161,0.0018261836165241261
"{'38', '3616'}",135,0.001531271976588553
"{'3616', '32'}",157,0.0017808125949955764
"{'1198', '32'}",147,0.001667385041174202
"{'41', '186'}",145,0.0016446995304099273
"{'186', '32'}",151,0.0017127560627027518
"{'38', '1135'}",150,0.0017014133073206144
"{'396', '32'}",134,0.0015199292212064155
"{'379', '41'}",136,0.0015426147319706903
"{'41', '259'}",154,0.001746784328849164
"{'41', '1814'}",152,0.0017240988180848892
"{'449', '41'}",150,0.0017014133073206144
"{'449', '32'}",154,0.001746784328849164
"{'260', '41'}",140,0.00158798575349924
"{'38', '260'}",155,0.0017581270842313016
"{'41', '407'}",153,0.0017354415734670266
"{'38', '269'}",139,0.0015766429981171027
"{'269', '32'}",146,0.0016560422857920646
"{'41', '269'}",154,0.001746784328849164
"{'681', '32'}",134,0.0015199292212064155
"{'41', '681'}",156,0.001769469839613439
"{'41', '10'}",134,0.0015199292212064155
"{'41', '535'}",173,0.001962296681109775
"{'41', '488'}",145,0.0016446995304099273
"{'32', '488'}",155,0.0017581270842313016
"{'806', '32'}",138,0.001565300242734965
"{'806', '175'}",195,0.0022118372995167984
"{'38', '12929'}",147,0.001667385041174202
"{'12929', '32'}",171,0.0019396111703455002
"{'41', '772'}",147,0.001667385041174202
"{'772', '32'}",166,0.0018828973934348133
"{'41', '664'}",134,0.0015199292212064155
"{'664', '32'}",140,0.00158798575349924
"{'38', '664'}",172,0.0019509539257276378
"{'1344', '32'}",172,0.0019509539257276378
"{'32', '1435'}",136,0.0015426147319706903
"{'41', '1435'}",143,0.0016220140196456523
"{'38', '107'}",141,0.0015993285088813775
"{'548', '107'}",147,0.001667385041174202
"{'107', '32'}",163,0.001848869127288401
"{'549', '107'}",181,0.0020530387241668746
"{'334', '32'}",141,0.0015993285088813775
"{'570', '38'}",145,0.0016446995304099273
"{'570', '32'}",153,0.0017354415734670266
"{'1600', '32'}",166,0.0018828973934348133
"{'703', '32'}",133,0.001508586465824278
"{'41', '103'}",172,0.0019509539257276378
"{'103', '32'}",191,0.002166466277988249
"{'32', '976'}",142,0.0016106712642635149
"{'41', '812'}",157,0.0017808125949955764
"{'812', '32'}",182,0.002064381479549012
"{'156', '32'}",146,0.0016560422857920646
"{'41', '156'}",160,0.0018148408611419885
"{'32', '389'}",197,0.0022345228102810736
"{'548', '549'}",154,0.001746784328849164
"{'549', '32'}",198,0.002245865565663211
"{'544', '32'}",149,0.0016900705519384768
"{'649', '32'}",146,0.0016560422857920646
"{'38', '649'}",151,0.0017127560627027518
"{'18', '32'}",184,0.002087066990313287
"{'38', '76'}",144,0.0016333567750277896
"{'76', '32'}",155,0.0017581270842313016
"{'38', '1578'}",169,0.0019169256595812255
"{'1578', '32'}",174,0.0019736394364919126
"{'41', '405'}",158,0.0017921553503777137
"{'405', '32'}",165,0.0018715546380526757
"{'10515', '32'}",163,0.001848869127288401
"{'41', '10515'}",172,0.0019509539257276378
"{'32', '264'}",155,0.0017581270842313016
"{'38', '956'}",162,0.0018375263719062635
"{'32', '242'}",134,0.0015199292212064155
"{'38', '45'}",165,0.0018715546380526757
"{'41', '45'}",172,0.0019509539257276378
"{'38', '31'}",165,0.0018715546380526757
"{'31', '32'}",185,0.0020984097456954245
"{'38', '479'}",139,0.0015766429981171027
"{'479', '32'}",167,0.0018942401488169507
"{'38', '3270'}",174,0.0019736394364919126
"{'3270', '32'}",175,0.0019849821918740502
"{'38', '783'}",154,0.001746784328849164
"{'13041', '175'}",140,0.00158798575349924
"{'225', '175'}",142,0.0016106712642635149
"{'32', '175'}",198,0.002245865565663211
"{'522', '32'}",180,0.0020416959687847374
"{'258', '38'}",162,0.0018375263719062635
"{'147', '179'}",143,0.0016220140196456523
"{'38', '179'}",162,0.0018375263719062635
"{'19', '38'}",141,0.0015993285088813775
"{'19', '32'}",180,0.0020416959687847374
"{'161', '32'}",188,0.0021324380118418365
"{'38', '13041'}",183,0.0020757242349311493
"{'38', '1004'}",177,0.002007667702638325
"{'38', '677'}",173,0.001962296681109775
"{'38', '589'}",170,0.0019282684149633628
"{'38', '201'}",147,0.001667385041174202
"{'65', '201'}",163,0.001848869127288401
"{'201', '32'}",184,0.002087066990313287
"{'38', '15832'}",162,0.0018375263719062635
"{'237', '249'}",175,0.0019849821918740502
"{'249', '32'}",216,0.0024500351625416847
"{'16217', '32'}",204,0.0023139220979560356
"{'740', '32'}",167,0.0018942401488169507
"{'38', '301'}",140,0.00158798575349924
"{'301', '65'}",144,0.0016333567750277896
"{'824', '38'}",172,0.0019509539257276378
"{'38', '123'}",201,0.002279893831809623
"{'65', '9'}",136,0.0015426147319706903
"{'41', '12925'}",154,0.001746784328849164
"{'89', '60'}",143,0.0016220140196456523
"{'65', '60'}",176,0.0019963249472561874
"{'79', '225'}",134,0.0015199292212064155
"{'65', '147'}",158,0.0017921553503777137
"{'1327', '65'}",137,0.0015539574873528277
"{'413', '101'}",167,0.0018942401488169507
"{'413', '65'}",176,0.0019963249472561874
"{'271', '65'}",168,0.001905582904199088
"{'475', '89'}",153,0.0017354415734670266
"{'475', '65'}",168,0.001905582904199088
"{'475', '237'}",179,0.0020303532134025998
"{'101', '310'}",138,0.001565300242734965
"{'237', '310'}",201,0.002279893831809623
"{'237', '225'}",154,0.001746784328849164
{'5465'},133,0.001508586465824278
{'5048'},133,0.001508586465824278
{'4996'},133,0.001508586465824278
{'4920'},133,0.001508586465824278
{'4056'},133,0.001508586465824278
{'3499'},133,0.001508586465824278
{'2612'},133,0.001508586465824278
{'2550'},133,0.001508586465824278
{'2477'},133,0.001508586465824278
{'779'},133,0.001508586465824278
{'518'},133,0.001508586465824278
{'478'},133,0.001508586465824278
{'6343'},134,0.0015199292212064155
{'5160'},134,0.0015199292212064155
{'4813'},134,0.0015199292212064155
{'3447'},134,0.0015199292212064155
{'3099'},134,0.0015199292212064155
{'2966'},134,0.0015199292212064155
{'2783'},134,0.0015199292212064155
{'2709'},134,0.0015199292212064155
{'2702'},134,0.0015199292212064155
{'2692'},134,0.0015199292212064155
{'2033'},134,0.0015199292212064155
{'1440'},134,0.0015199292212064155
{'1426'},134,0.0015199292212064155
{'1139'},134,0.0015199292212064155
{'1053'},134,0.0015199292212064155
{'13464'},135,0.001531271976588553
{'10526'},135,0.001531271976588553
{'10510'},135,0.001531271976588553
{'5712'},135,0.001531271976588553
{'4969'},135,0.001531271976588553
{'4164'},135,0.001531271976588553
{'3857'},135,0.001531271976588553
{'3472'},135,0.001531271976588553
{'2726'},135,0.001531271976588553
{'2049'},135,0.001531271976588553
{'1855'},135,0.001531271976588553
{'1473'},135,0.001531271976588553
{'1031'},135,0.001531271976588553
{'13300'},136,0.0015426147319706903
{'10425'},136,0.0015426147319706903
{'10017'},136,0.0015426147319706903
{'6716'},136,0.0015426147319706903
{'4911'},136,0.0015426147319706903
{'4563'},136,0.0015426147319706903
{'4267'},136,0.0015426147319706903
{'4026'},136,0.0015426147319706903
{'3793'},136,0.0015426147319706903
{'3662'},136,0.0015426147319706903
{'3174'},136,0.0015426147319706903
{'3074'},136,0.0015426147319706903
{'2715'},136,0.0015426147319706903
{'2630'},136,0.0015426147319706903
{'2119'},136,0.0015426147319706903
{'2034'},136,0.0015426147319706903
{'1755'},136,0.0015426147319706903
{'1709'},136,0.0015426147319706903
{'788'},136,0.0015426147319706903
{'435'},136,0.0015426147319706903
{'6508'},137,0.0015539574873528277
{'4896'},137,0.0015539574873528277
{'3569'},137,0.0015539574873528277
{'3483'},137,0.0015539574873528277
{'3101'},137,0.0015539574873528277
{'2808'},137,0.0015539574873528277
{'1915'},137,0.0015539574873528277
{'1561'},137,0.0015539574873528277
{'941'},137,0.0015539574873528277
{'915'},137,0.0015539574873528277
{'762'},137,0.0015539574873528277
{'12508'},138,0.001565300242734965
{'5948'},138,0.001565300242734965
{'2831'},138,0.001565300242734965
{'2661'},138,0.001565300242734965
{'2363'},138,0.001565300242734965
{'2242'},138,0.001565300242734965
{'1410'},138,0.001565300242734965
{'1353'},138,0.001565300242734965
{'348'},138,0.001565300242734965
{'284'},138,0.001565300242734965
{'4166'},139,0.0015766429981171027
{'4061'},139,0.0015766429981171027
{'2852'},139,0.0015766429981171027
{'1971'},139,0.0015766429981171027
{'1579'},139,0.0015766429981171027
{'1376'},139,0.0015766429981171027
{'1264'},139,0.0015766429981171027
{'833'},139,0.0015766429981171027
{'266'},139,0.0015766429981171027
{'10184'},140,0.00158798575349924
{'5164'},140,0.00158798575349924
{'3776'},140,0.00158798575349924
{'3487'},140,0.00158798575349924
{'2786'},140,0.00158798575349924
{'2559'},140,0.00158798575349924
{'1890'},140,0.00158798575349924
{'1570'},140,0.00158798575349924
{'1101'},140,0.00158798575349924
{'944'},140,0.00158798575349924
{'12693'},141,0.0015993285088813775
{'12503'},141,0.0015993285088813775
{'11718'},141,0.0015993285088813775
{'10440'},141,0.0015993285088813775
{'4832'},141,0.0015993285088813775
{'2818'},141,0.0015993285088813775
{'2785'},141,0.0015993285088813775
{'2674'},141,0.0015993285088813775
{'2283'},141,0.0015993285088813775
{'1319'},141,0.0015993285088813775
{'1105'},141,0.0015993285088813775
{'922'},141,0.0015993285088813775
{'845'},141,0.0015993285088813775
{'725'},141,0.0015993285088813775
{'618'},141,0.0015993285088813775
{'527'},141,0.0015993285088813775
{'275'},141,0.0015993285088813775
{'61'},141,0.0015993285088813775
{'14953'},142,0.0016106712642635149
{'4141'},142,0.0016106712642635149
{'1352'},142,0.0016106712642635149
{'712'},142,0.0016106712642635149
{'12036'},143,0.0016220140196456523
{'4731'},143,0.0016220140196456523
{'3867'},143,0.0016220140196456523
{'3664'},143,0.0016220140196456523
{'1958'},143,0.0016220140196456523
{'1768'},143,0.0016220140196456523
{'1090'},143,0.0016220140196456523
{'71'},143,0.0016220140196456523
{'26'},143,0.0016220140196456523
{'4282'},144,0.0016333567750277896
{'1309'},144,0.0016333567750277896
{'826'},144,0.0016333567750277896
{'12973'},145,0.0016446995304099273
{'10831'},145,0.0016446995304099273
{'10132'},145,0.0016446995304099273
{'5489'},145,0.0016446995304099273
{'4297'},145,0.0016446995304099273
{'3214'},145,0.0016446995304099273
{'3034'},145,0.0016446995304099273
{'2814'},145,0.0016446995304099273
{'2169'},145,0.0016446995304099273
{'1311'},145,0.0016446995304099273
{'919'},145,0.0016446995304099273
{'4383'},146,0.0016560422857920646
{'4064'},146,0.0016560422857920646
{'3465'},146,0.0016560422857920646
{'2741'},146,0.0016560422857920646
{'2598'},146,0.0016560422857920646
{'2513'},146,0.0016560422857920646
{'2214'},146,0.0016560422857920646
{'2039'},146,0.0016560422857920646
{'914'},146,0.0016560422857920646
{'729'},146,0.0016560422857920646
{'691'},146,0.0016560422857920646
{'567'},146,0.0016560422857920646
{'6082'},147,0.001667385041174202
{'4556'},147,0.001667385041174202
{'4486'},147,0.001667385041174202
{'4057'},147,0.001667385041174202
{'3458'},147,0.001667385041174202
{'3434'},147,0.001667385041174202
{'2527'},147,0.001667385041174202
{'2048'},147,0.001667385041174202
{'1841'},147,0.001667385041174202
{'1679'},147,0.001667385041174202
{'1611'},147,0.001667385041174202
{'1094'},147,0.001667385041174202
{'905'},147,0.001667385041174202
{'454'},147,0.001667385041174202
{'357'},147,0.001667385041174202
{'288'},147,0.001667385041174202
{'10573'},148,0.0016787277965563394
{'4433'},148,0.0016787277965563394
{'4278'},148,0.0016787277965563394
{'4032'},148,0.0016787277965563394
{'3573'},148,0.0016787277965563394
{'3410'},148,0.0016787277965563394
{'3405'},148,0.0016787277965563394
{'2878'},148,0.0016787277965563394
{'2623'},148,0.0016787277965563394
{'1765'},148,0.0016787277965563394
{'1624'},148,0.0016787277965563394
{'1124'},148,0.0016787277965563394
{'1123'},148,0.0016787277965563394
{'959'},148,0.0016787277965563394
{'637'},148,0.0016787277965563394
{'393'},148,0.0016787277965563394
{'2760'},149,0.0016900705519384768
{'2639'},149,0.0016900705519384768
{'2569'},149,0.0016900705519384768
{'2154'},149,0.0016900705519384768
{'2110'},149,0.0016900705519384768
{'1962'},149,0.0016900705519384768
{'1658'},149,0.0016900705519384768
{'1165'},149,0.0016900705519384768
{'1145'},149,0.0016900705519384768
{'1015'},149,0.0016900705519384768
{'690'},149,0.0016900705519384768
{'14006'},150,0.0017014133073206144
{'9510'},150,0.0017014133073206144
{'7938'},150,0.0017014133073206144
{'7068'},150,0.0017014133073206144
{'4358'},150,0.0017014133073206144
{'3336'},150,0.0017014133073206144
{'1870'},150,0.0017014133073206144
{'1536'},150,0.0017014133073206144
{'1498'},150,0.0017014133073206144
{'1396'},150,0.0017014133073206144
{'422'},150,0.0017014133073206144
{'13089'},151,0.0017127560627027518
{'3577'},151,0.0017127560627027518
{'3546'},151,0.0017127560627027518
{'3354'},151,0.0017127560627027518
{'2079'},151,0.0017127560627027518
{'2012'},151,0.0017127560627027518
{'1415'},151,0.0017127560627027518
{'854'},151,0.0017127560627027518
{'458'},151,0.0017127560627027518
{'6'},151,0.0017127560627027518
{'2326'},152,0.0017240988180848892
{'1702'},152,0.0017240988180848892
{'1456'},152,0.0017240988180848892
{'983'},152,0.0017240988180848892
{'963'},152,0.0017240988180848892
{'699'},152,0.0017240988180848892
{'91'},152,0.0017240988180848892
{'9095'},153,0.0017354415734670266
{'3345'},153,0.0017354415734670266
{'2201'},153,0.0017354415734670266
{'1569'},153,0.0017354415734670266
{'10419'},154,0.001746784328849164
{'4640'},154,0.001746784328849164
{'4272'},154,0.001746784328849164
{'3693'},154,0.001746784328849164
{'1613'},154,0.001746784328849164
{'1547'},154,0.001746784328849164
{'1227'},154,0.001746784328849164
{'16155'},155,0.0017581270842313016
{'15033'},155,0.0017581270842313016
{'14804'},155,0.0017581270842313016
{'13318'},155,0.0017581270842313016
{'2771'},155,0.0017581270842313016
{'1286'},155,0.0017581270842313016
{'1246'},155,0.0017581270842313016
{'102'},155,0.0017581270842313016
{'88'},155,0.0017581270842313016
{'10453'},156,0.001769469839613439
{'5771'},156,0.001769469839613439
{'4801'},156,0.001769469839613439
{'3521'},156,0.001769469839613439
{'2900'},156,0.001769469839613439
{'1008'},156,0.001769469839613439
{'801'},156,0.001769469839613439
{'696'},156,0.001769469839613439
{'10651'},157,0.0017808125949955764
{'6266'},157,0.0017808125949955764
{'5328'},157,0.0017808125949955764
{'1877'},157,0.0017808125949955764
{'1035'},157,0.0017808125949955764
{'899'},157,0.0017808125949955764
{'541'},157,0.0017808125949955764
{'27'},157,0.0017808125949955764
{'3642'},158,0.0017921553503777137
{'3476'},158,0.0017921553503777137
{'1924'},158,0.0017921553503777137
{'1854'},158,0.0017921553503777137
{'12952'},159,0.0018034981057598511
{'2942'},159,0.0018034981057598511
{'2854'},159,0.0018034981057598511
{'2769'},159,0.0018034981057598511
{'2767'},159,0.0018034981057598511
{'2069'},159,0.0018034981057598511
{'1219'},159,0.0018034981057598511
{'1054'},159,0.0018034981057598511
{'10555'},160,0.0018148408611419885
{'3067'},160,0.0018148408611419885
{'2830'},160,0.0018148408611419885
{'2299'},160,0.0018148408611419885
{'1922'},160,0.0018148408611419885
{'1670'},160,0.0018148408611419885
{'1503'},160,0.0018148408611419885
{'974'},160,0.0018148408611419885
{'4546'},161,0.0018261836165241261
{'3884'},161,0.0018261836165241261
{'3676'},161,0.0018261836165241261
{'2880'},161,0.0018261836165241261
{'2624'},161,0.0018261836165241261
{'2297'},161,0.0018261836165241261
{'1596'},161,0.0018261836165241261
{'909'},161,0.0018261836165241261
{'750'},161,0.0018261836165241261
{'11039'},162,0.0018375263719062635
{'4753'},162,0.0018375263719062635
{'4270'},162,0.0018375263719062635
{'3903'},162,0.0018375263719062635
{'3772'},162,0.0018375263719062635
{'2870'},162,0.0018375263719062635
{'2402'},162,0.0018375263719062635
{'1120'},162,0.0018375263719062635
{'328'},162,0.0018375263719062635
{'7895'},163,0.001848869127288401
{'3171'},163,0.001848869127288401
{'1874'},163,0.001848869127288401
{'1368'},163,0.001848869127288401
{'942'},163,0.001848869127288401
{'192'},163,0.001848869127288401
{'152'},163,0.001848869127288401
{'4886'},164,0.0018602118826705383
{'4389'},164,0.0018602118826705383
{'3539'},164,0.0018602118826705383
{'3420'},164,0.0018602118826705383
{'3338'},164,0.0018602118826705383
{'2853'},164,0.0018602118826705383
{'2327'},164,0.0018602118826705383
{'991'},164,0.0018602118826705383
{'892'},164,0.0018602118826705383
{'12996'},165,0.0018715546380526757
{'6404'},165,0.0018715546380526757
{'4340'},165,0.0018715546380526757
{'3297'},165,0.0018715546380526757
{'2721'},165,0.0018715546380526757
{'2269'},165,0.0018715546380526757
{'2084'},165,0.0018715546380526757
{'1568'},165,0.0018715546380526757
{'1439'},165,0.0018715546380526757
{'58'},165,0.0018715546380526757
{'12921'},166,0.0018828973934348133
{'10441'},166,0.0018828973934348133
{'4226'},166,0.0018828973934348133
{'4080'},166,0.0018828973934348133
{'1981'},166,0.0018828973934348133
{'770'},166,0.0018828973934348133
{'460'},166,0.0018828973934348133
{'265'},166,0.0018828973934348133
{'4548'},167,0.0018942401488169507
{'3742'},167,0.0018942401488169507
{'2919'},167,0.0018942401488169507
{'2122'},167,0.0018942401488169507
{'1354'},167,0.0018942401488169507
{'1180'},167,0.0018942401488169507
{'1130'},167,0.0018942401488169507
{'3840'},168,0.001905582904199088
{'3314'},168,0.001905582904199088
{'3272'},168,0.001905582904199088
{'5339'},169,0.0019169256595812255
{'3973'},169,0.0019169256595812255
{'2967'},169,0.0019169256595812255
{'2820'},169,0.0019169256595812255
{'2408'},169,0.0019169256595812255
{'12491'},170,0.0019282684149633628
{'11560'},170,0.0019282684149633628
{'4552'},170,0.0019282684149633628
{'3762'},170,0.0019282684149633628
{'2876'},170,0.0019282684149633628
{'2182'},170,0.0019282684149633628
{'848'},170,0.0019282684149633628
{'10598'},171,0.0019396111703455002
{'5346'},171,0.0019396111703455002
{'2720'},171,0.0019396111703455002
{'2026'},171,0.0019396111703455002
{'958'},171,0.0019396111703455002
{'4424'},172,0.0019509539257276378
{'2424'},172,0.0019509539257276378
{'1612'},172,0.0019509539257276378
{'5178'},173,0.001962296681109775
{'4771'},173,0.001962296681109775
{'3271'},173,0.001962296681109775
{'2514'},173,0.001962296681109775
{'2129'},173,0.001962296681109775
{'1781'},173,0.001962296681109775
{'986'},173,0.001962296681109775
{'444'},173,0.001962296681109775
{'7646'},174,0.0019736394364919126
{'1215'},174,0.0019736394364919126
{'1178'},174,0.0019736394364919126
{'683'},174,0.0019736394364919126
{'445'},174,0.0019736394364919126
{'364'},174,0.0019736394364919126
{'4310'},175,0.0019849821918740502
{'1951'},175,0.0019849821918740502
{'1896'},175,0.0019849821918740502
{'877'},175,0.0019849821918740502
{'791'},175,0.0019849821918740502
{'467'},175,0.0019849821918740502
{'5289'},176,0.0019963249472561874
{'4843'},176,0.0019963249472561874
{'3236'},176,0.0019963249472561874
{'2654'},176,0.0019963249472561874
{'2210'},176,0.0019963249472561874
{'1736'},176,0.0019963249472561874
{'236'},176,0.0019963249472561874
{'4113'},177,0.002007667702638325
{'3402'},177,0.002007667702638325
{'2471'},177,0.002007667702638325
{'2202'},177,0.002007667702638325
{'0'},177,0.002007667702638325
{'6403'},178,0.002019010458020462
{'5323'},178,0.002019010458020462
{'4143'},178,0.002019010458020462
{'3312'},178,0.002019010458020462
{'2493'},178,0.002019010458020462
{'1905'},178,0.002019010458020462
{'1805'},178,0.002019010458020462
{'1290'},178,0.002019010458020462
{'10128'},179,0.0020303532134025998
{'4643'},179,0.0020303532134025998
{'2822'},179,0.0020303532134025998
{'1166'},179,0.0020303532134025998
{'572'},179,0.0020303532134025998
{'368'},179,0.0020303532134025998
{'10481'},180,0.0020416959687847374
{'4859'},180,0.0020416959687847374
{'3240'},180,0.0020416959687847374
{'2840'},180,0.0020416959687847374
{'2708'},180,0.0020416959687847374
{'1615'},180,0.0020416959687847374
{'13556'},181,0.0020530387241668746
{'4913'},181,0.0020530387241668746
{'3988'},181,0.0020530387241668746
{'2812'},181,0.0020530387241668746
{'2800'},181,0.0020530387241668746
{'1588'},181,0.0020530387241668746
{'228'},181,0.0020530387241668746
{'4744'},182,0.002064381479549012
{'4342'},182,0.002064381479549012
{'3161'},182,0.002064381479549012
{'781'},182,0.002064381479549012
{'184'},182,0.002064381479549012
{'5976'},183,0.0020757242349311493
{'4472'},183,0.0020757242349311493
{'3855'},183,0.0020757242349311493
{'3343'},183,0.0020757242349311493
{'2861'},183,0.0020757242349311493
{'2417'},183,0.0020757242349311493
{'1640'},183,0.0020757242349311493
{'421'},183,0.0020757242349311493
{'6190'},184,0.002087066990313287
{'4360'},184,0.002087066990313287
{'2810'},184,0.002087066990313287
{'1972'},184,0.002087066990313287
{'1603'},184,0.002087066990313287
{'5127'},185,0.0020984097456954245
{'4357'},185,0.0020984097456954245
{'2669'},185,0.0020984097456954245
{'2058'},185,0.0020984097456954245
{'1884'},185,0.0020984097456954245
{'698'},185,0.0020984097456954245
{'636'},185,0.0020984097456954245
{'621'},185,0.0020984097456954245
{'13049'},186,0.0021097525010775617
{'4386'},186,0.0021097525010775617
{'4111'},186,0.0021097525010775617
{'2907'},186,0.0021097525010775617
{'2519'},186,0.0021097525010775617
{'207'},186,0.0021097525010775617
{'15798'},187,0.0021210952564596993
{'981'},187,0.0021210952564596993
{'966'},187,0.0021210952564596993
{'807'},187,0.0021210952564596993
{'129'},187,0.0021210952564596993
{'2064'},188,0.0021324380118418365
{'1791'},188,0.0021324380118418365
{'1430'},188,0.0021324380118418365
{'14634'},189,0.002143780767223974
{'4251'},189,0.002143780767223974
{'4127'},189,0.002143780767223974
{'973'},189,0.002143780767223974
{'874'},189,0.002143780767223974
{'584'},189,0.002143780767223974
{'67'},189,0.002143780767223974
{'2793'},190,0.0021551235226061113
{'1428'},190,0.0021551235226061113
{'763'},190,0.0021551235226061113
{'2855'},191,0.002166466277988249
{'1811'},191,0.002166466277988249
{'1776'},191,0.002166466277988249
{'1598'},191,0.002166466277988249
{'1055'},191,0.002166466277988249
{'197'},191,0.002166466277988249
{'13056'},192,0.0021778090333703865
{'4144'},192,0.0021778090333703865
{'3467'},192,0.0021778090333703865
{'3086'},192,0.0021778090333703865
{'2004'},192,0.0021778090333703865
{'1837'},192,0.0021778090333703865
{'1739'},192,0.0021778090333703865
{'1517'},192,0.0021778090333703865
{'1315'},192,0.0021778090333703865
{'1115'},192,0.0021778090333703865
{'64'},192,0.0021778090333703865
{'3202'},193,0.0021891517887525237
{'2240'},193,0.0021891517887525237
{'1192'},193,0.0021891517887525237
{'731'},193,0.0021891517887525237
{'695'},193,0.0021891517887525237
{'325'},193,0.0021891517887525237
{'6630'},194,0.0022004945441346613
{'2842'},194,0.0022004945441346613
{'1433'},194,0.0022004945441346613
{'593'},194,0.0022004945441346613
{'331'},194,0.0022004945441346613
{'85'},194,0.0022004945441346613
{'3504'},195,0.0022118372995167984
{'2891'},195,0.0022118372995167984
{'1697'},195,0.0022118372995167984
{'274'},195,0.0022118372995167984
{'11794'},196,0.002223180054898936
{'10493'},196,0.002223180054898936
{'1929'},196,0.002223180054898936
{'1696'},196,0.002223180054898936
{'1408'},196,0.002223180054898936
{'44'},196,0.002223180054898936
{'5108'},197,0.0022345228102810736
{'1159'},197,0.0022345228102810736
{'968'},197,0.0022345228102810736
{'59'},197,0.0022345228102810736
{'5968'},198,0.002245865565663211
{'3896'},198,0.002245865565663211
{'3324'},198,0.002245865565663211
{'6602'},199,0.0022572083210453484
{'3551'},199,0.0022572083210453484
{'2239'},199,0.0022572083210453484
{'828'},199,0.0022572083210453484
{'755'},200,0.0022685510764274856
{'127'},200,0.0022685510764274856
{'22'},200,0.0022685510764274856
{'3638'},201,0.002279893831809623
{'1821'},201,0.002279893831809623
{'1023'},201,0.002279893831809623
{'11254'},202,0.002291236587191761
{'9617'},202,0.002291236587191761
{'3185'},202,0.002291236587191761
{'2263'},202,0.002291236587191761
{'1063'},202,0.002291236587191761
{'555'},202,0.002291236587191761
{'500'},202,0.002291236587191761
{'485'},202,0.002291236587191761
{'243'},202,0.002291236587191761
{'13060'},203,0.002302579342573898
{'10474'},203,0.002302579342573898
{'1773'},203,0.002302579342573898
{'566'},203,0.002302579342573898
{'314'},204,0.0023139220979560356
{'3047'},205,0.0023252648533381728
{'861'},205,0.0023252648533381728
{'211'},206,0.0023366076087203104
{'2351'},207,0.002347950364102448
{'1796'},207,0.002347950364102448
{'2621'},208,0.002359293119484585
{'2117'},208,0.002359293119484585
{'3412'},209,0.0023706358748667227
{'1772'},209,0.0023706358748667227
{'1771'},209,0.0023706358748667227
{'3756'},210,0.00238197863024886
{'2554'},210,0.00238197863024886
{'2537'},210,0.00238197863024886
{'1233'},210,0.00238197863024886
{'382'},210,0.00238197863024886
{'141'},211,0.0023933213856309975
{'40'},211,0.0023933213856309975
{'2506'},213,0.0024160068963952723
{'1387'},213,0.0024160068963952723
{'739'},213,0.0024160068963952723
{'3319'},214,0.00242734965177741
{'1343'},214,0.00242734965177741
{'1161'},214,0.00242734965177741
{'3021'},215,0.002438692407159547
{'2413'},215,0.002438692407159547
{'68'},215,0.002438692407159547
{'10939'},217,0.002461377917923822
{'1459'},218,0.0024727206733059595
{'1025'},218,0.0024727206733059595
{'442'},218,0.0024727206733059595
{'3735'},219,0.002484063428688097
{'880'},222,0.002518091694834509
{'660'},224,0.0025407772055987842
{'337'},224,0.0025407772055987842
{'525'},225,0.0025521199609809214
{'560'},227,0.002574805471745196
{'10818'},228,0.002586148227127334
{'3553'},232,0.0026315192486558833
{'98'},232,0.0026315192486558833
{'2990'},233,0.002642862004038021
{'4170'},236,0.0026768902701844333
{'501'},319,0.00361833896690184
